datetime,open,high,low,close,volume
2026-07-07T19:15:00+00:00,72.062,72.489,71.947,72.199,4972
2026-07-07T19:30:00+00:00,72.199,72.298,71.832,71.863,2123
2026-07-07T19:45:00+00:00,71.863,72.093,71.743,71.872,1681
2026-07-07T20:00:00+00:00,71.872,72.079,71.863,71.997,795
2026-07-07T20:15:00+00:00,71.997,72.098,71.947,72.058,521
2026-07-07T20:30:00+00:00,72.058,72.277,72.052,72.128,620
2026-07-07T20:45:00+00:00,72.128,72.294,72.122,72.194,459
2026-07-07T22:00:00+00:00,72.194,72.408,72.042,72.267,706.7282194564389
2026-07-07T22:15:00+00:00,72.267,72.374,72.217,72.362,237
2026-07-07T22:30:00+00:00,72.362,72.399,72.298,72.384,182
2026-07-07T22:45:00+00:00,72.384,72.439,72.338,72.413,147
2026-07-07T23:00:00+00:00,72.413,72.439,72.343,72.343,137
2026-07-07T23:15:00+00:00,72.343,72.399,72.228,72.394,246
2026-07-07T23:30:00+00:00,72.394,72.449,72.284,72.363,194
2026-07-07T23:45:00+00:00,72.363,72.394,72.207,72.369,250
2026-07-08T00:00:00+00:00,72.369,72.469,72.30799999999999,72.447,675
2026-07-08T00:15:00+00:00,72.447,72.659,72.367,72.504,777
2026-07-08T00:30:00+00:00,72.504,72.509,72.004,72.064,742
2026-07-08T00:45:00+00:00,72.064,72.148,71.913,71.938,753
2026-07-08T01:00:00+00:00,71.938,72.079,71.712,71.883,2214
2026-07-08T01:15:00+00:00,71.883,71.947,71.699,71.769,1118
2026-07-08T01:30:00+00:00,71.769,72.088,71.732,72.048,1155
2026-07-08T01:45:00+00:00,72.048,72.119,71.952,72.087,987
2026-07-08T02:00:00+00:00,72.087,72.269,71.962,72.223,852
2026-07-08T02:15:00+00:00,72.223,72.522,72.202,72.392,655
2026-07-08T02:30:00+00:00,72.392,72.428,72.042,72.063,1052
2026-07-08T02:45:00+00:00,72.063,72.264,72.05799999999999,72.208,582
2026-07-08T03:00:00+00:00,72.208,72.353,72.17399999999999,72.282,775
2026-07-08T03:15:00+00:00,72.282,72.314,72.17399999999999,72.178,554
2026-07-08T03:30:00+00:00,72.178,72.279,72.117,72.242,552
2026-07-08T03:45:00+00:00,72.242,72.264,72.153,72.218,261
2026-07-08T04:00:00+00:00,72.218,72.344,72.197,72.304,325
2026-07-08T04:15:00+00:00,72.304,72.339,72.197,72.207,249
2026-07-08T04:30:00+00:00,72.207,72.238,72.157,72.219,343
2026-07-08T04:45:00+00:00,72.219,72.318,72.214,72.313,249
2026-07-08T05:00:00+00:00,72.313,72.54899999999999,72.30799999999999,72.429,467
2026-07-08T05:15:00+00:00,72.429,72.864,72.42699999999999,72.689,936
2026-07-08T05:30:00+00:00,72.689,72.718,72.283,72.533,1300
2026-07-08T05:45:00+00:00,72.533,72.769,72.498,72.722,1110
2026-07-08T06:00:00+00:00,72.722,72.878,72.578,72.763,1518
2026-07-08T06:15:00+00:00,72.763,72.789,72.54899999999999,72.618,1733
2026-07-08T06:30:00+00:00,72.618,72.794,72.55799999999999,72.632,1401
2026-07-08T06:45:00+00:00,72.632,72.693,72.507,72.522,1498
2026-07-08T07:00:00+00:00,72.522,72.809,72.397,72.462,2126
2026-07-08T07:15:00+00:00,72.462,72.468,71.962,71.979,2026
2026-07-08T07:30:00+00:00,71.979,71.999,71.772,71.822,1488
2026-07-08T07:45:00+00:00,71.822,72.04899999999999,71.79299999999999,72.018,1638
2026-07-08T08:00:00+00:00,72.018,72.218,71.878,71.984,1844
2026-07-08T08:15:00+00:00,71.984,74.219,71.92399999999999,73.988,12510
2026-07-08T08:30:00+00:00,73.988,74.869,73.91199999999999,74.634,6828
2026-07-08T08:45:00+00:00,74.634,74.862,74.217,74.804,4228
2026-07-08T09:00:00+00:00,74.804,75.068,74.753,75.068,3565
2026-07-08T09:15:00+00:00,75.068,75.257,74.718,74.818,3813
2026-07-08T09:30:00+00:00,74.818,74.839,74.397,74.534,3395
2026-07-08T09:45:00+00:00,74.534,75.019,74.407,74.853,2621
2026-07-08T10:00:00+00:00,74.853,74.92399999999999,74.547,74.597,2452
2026-07-08T10:15:00+00:00,74.597,74.649,74.152,74.163,2202
2026-07-08T10:30:00+00:00,74.163,74.187,73.769,73.903,3073
2026-07-08T10:45:00+00:00,73.903,74.104,73.804,74.097,2344
2026-07-08T11:00:00+00:00,74.097,74.274,73.908,74.132,2025
2026-07-08T11:15:00+00:00,74.132,74.377,74.129,74.249,1488
2026-07-08T11:30:00+00:00,74.249,74.528,73.413,74.002,3783
2026-07-08T11:45:00+00:00,74.002,74.077,73.792,74.033,3890
2026-07-08T12:00:00+00:00,74.033,74.29299999999999,73.822,73.962,2803
2026-07-08T12:15:00+00:00,73.962,73.964,73.367,73.413,3382
2026-07-08T12:30:00+00:00,73.413,73.518,73.157,73.288,2968
2026-07-08T12:45:00+00:00,73.288,73.838,73.083,73.794,4530
2026-07-08T13:00:00+00:00,73.794,74.098,73.573,73.729,6039
2026-07-08T13:15:00+00:00,73.729,74.247,73.657,74.192,4733
2026-07-08T13:30:00+00:00,74.192,74.257,73.487,73.519,4434
2026-07-08T13:45:00+00:00,73.519,73.767,73.273,73.709,3239
2026-07-08T14:00:00+00:00,73.709,74.349,73.697,74.283,3662
2026-07-08T14:15:00+00:00,74.283,75.452,74.278,75.452,5563
2026-07-08T14:30:00+00:00,75.452,75.743,75.233,75.282,6785
2026-07-08T14:45:00+00:00,75.282,75.474,75.057,75.263,4448
2026-07-08T15:00:00+00:00,75.263,75.737,75.202,75.622,5972
2026-07-08T15:15:00+00:00,75.622,75.79299999999999,75.197,75.244,4876
2026-07-08T15:30:00+00:00,75.244,75.763,75.207,75.619,3993
2026-07-08T15:45:00+00:00,75.619,76.029,75.588,75.797,2969
2026-07-08T16:00:00+00:00,75.797,75.934,74.978,75.259,4234
2026-07-08T16:15:00+00:00,75.259,75.389,74.857,75.017,3027
2026-07-08T16:30:00+00:00,75.017,75.244,74.538,74.593,6505
2026-07-08T16:45:00+00:00,74.593,74.779,74.329,74.528,3731
2026-07-08T17:00:00+00:00,74.528,74.583,74.122,74.247,2715
2026-07-08T17:15:00+00:00,74.247,74.268,73.762,73.80199999999999,2482
2026-07-08T17:30:00+00:00,73.80199999999999,73.929,73.597,73.698,2933
2026-07-08T17:45:00+00:00,73.698,73.849,73.497,73.732,2145
2026-07-08T18:00:00+00:00,73.732,73.757,73.472,73.564,2281
2026-07-08T18:15:00+00:00,73.564,73.724,73.387,73.483,3469
2026-07-08T18:30:00+00:00,73.483,73.79299999999999,73.298,73.708,2077
2026-07-08T18:45:00+00:00,73.708,73.759,73.517,73.55799999999999,1192
2026-07-08T19:00:00+00:00,73.55799999999999,73.67699999999999,73.542,73.547,773
2026-07-08T19:15:00+00:00,73.547,73.599,73.448,73.579,880
2026-07-08T19:30:00+00:00,73.579,74.069,73.54299999999999,74.024,1079
2026-07-08T19:45:00+00:00,74.024,74.264,73.882,74.019,2020
2026-07-08T20:00:00+00:00,74.019,74.54899999999999,74.008,74.322,1421
2026-07-08T20:15:00+00:00,74.322,74.758,74.322,74.562,1281
2026-07-08T20:30:00+00:00,74.562,75.004,74.54299999999999,74.812,1230
2026-07-08T20:45:00+00:00,74.812,74.812,74.453,74.732,1050
2026-07-08T22:00:00+00:00,74.732,74.789,74.50399999999999,74.64399999999999,354.83405879595523
2026-07-08T22:15:00+00:00,74.64399999999999,74.703,74.459,74.499,193
2026-07-08T22:30:00+00:00,74.499,74.589,74.232,74.503,430
2026-07-08T22:45:00+00:00,74.503,74.619,74.472,74.512,177
2026-07-08T23:00:00+00:00,74.492,74.549,74.467,74.5,98.86431358637815
2026-07-08T23:15:00+00:00,74.5,74.545,74.41300000000001,74.44500000000001,111
2026-07-08T23:30:00+00:00,74.44500000000001,74.47500000000001,74.38900000000001,74.41900000000001,111
2026-07-08T23:45:00+00:00,74.41900000000001,74.479,74.385,74.45,112
2026-07-09T00:00:00+00:00,74.45,74.494,74.125,74.20400000000001,872
2026-07-09T00:15:00+00:00,74.20400000000001,74.35000000000001,74.10900000000001,74.19500000000001,393
2026-07-09T00:30:00+00:00,74.19500000000001,74.36,74.07300000000001,74.22,595
2026-07-09T00:45:00+00:00,74.22,74.295,73.99000000000001,74.004,477
2026-07-09T01:00:00+00:00,74.004,74.48,73.858,74.45400000000001,1868
2026-07-09T01:15:00+00:00,74.45400000000001,74.58800000000001,74.36800000000001,74.38000000000001,1200
2026-07-09T01:30:00+00:00,74.38000000000001,74.384,74.095,74.17500000000001,773
2026-07-09T01:45:00+00:00,74.17500000000001,74.22500000000001,74.08,74.093,654
2026-07-09T02:00:00+00:00,74.093,74.26,73.964,74.174,1052
2026-07-09T02:15:00+00:00,74.174,74.31,74.14500000000001,74.229,331
2026-07-09T02:30:00+00:00,74.229,74.47,74.229,74.408,921
2026-07-09T02:45:00+00:00,74.408,74.65,74.38300000000001,74.50800000000001,804
2026-07-09T03:00:00+00:00,74.50800000000001,74.57900000000001,74.269,74.293,781
2026-07-09T03:15:00+00:00,74.293,74.435,74.239,74.393,547
2026-07-09T03:30:00+00:00,74.393,74.4,74.153,74.333,521
2026-07-09T03:45:00+00:00,74.333,74.37400000000001,74.239,74.25500000000001,346
2026-07-09T04:00:00+00:00,74.25500000000001,74.34,74.238,74.34,194
2026-07-09T04:15:00+00:00,74.34,74.4,74.289,74.378,201
2026-07-09T04:30:00+00:00,74.378,74.38900000000001,74.22800000000001,74.259,318
2026-07-09T04:45:00+00:00,74.259,74.37,74.259,74.334,211
2026-07-09T05:00:00+00:00,74.334,74.37400000000001,73.98400000000001,74.244,912
2026-07-09T05:15:00+00:00,74.244,74.52300000000001,74.244,74.29,872
2026-07-09T05:30:00+00:00,74.29,74.29,73.593,73.67500000000001,2179
2026-07-09T05:45:00+00:00,73.67500000000001,73.685,72.989,73.055,2477
2026-07-09T06:00:00+00:00,73.055,73.509,72.998,73.41300000000001,2020
2026-07-09T06:15:00+00:00,73.41300000000001,73.46900000000001,73.125,73.33,1788
2026-07-09T06:30:00+00:00,73.33,73.37,73.164,73.174,1210
2026-07-09T06:45:00+00:00,73.174,73.37,73.173,73.30000000000001,1206
2026-07-09T07:00:00+00:00,73.30000000000001,73.71900000000001,73.128,73.65400000000001,1835
2026-07-09T07:15:00+00:00,73.65400000000001,73.67800000000001,73.14800000000001,73.193,1522
2026-07-09T07:30:00+00:00,73.193,73.22800000000001,72.705,72.729,2526
2026-07-09T07:45:00+00:00,72.729,72.94500000000001,72.53,72.748,2550
2026-07-09T08:00:00+00:00,72.748,72.89,72.525,72.619,2233
2026-07-09T08:15:00+00:00,72.619,72.619,72.38900000000001,72.479,2932
2026-07-09T08:30:00+00:00,72.479,73.009,72.363,72.849,2202
2026-07-09T08:45:00+00:00,72.849,73.03800000000001,72.70400000000001,73.018,1626
2026-07-09T09:00:00+00:00,73.018,73.215,72.95400000000001,72.974,1700
2026-07-09T09:15:00+00:00,72.974,73.224,72.958,73.18400000000001,1328
2026-07-09T09:30:00+00:00,73.18400000000001,73.55000000000001,73.078,73.51,1879
2026-07-09T09:45:00+00:00,73.51,73.65,73.358,73.494,1543
2026-07-09T10:00:00+00:00,73.494,73.679,73.393,73.584,1517
2026-07-09T10:15:00+00:00,73.584,73.81400000000001,73.468,73.783,1380
2026-07-09T10:30:00+00:00,73.783,73.88000000000001,73.58800000000001,73.718,1333
2026-07-09T10:45:00+00:00,73.718,74.608,73.718,74.23400000000001,3271
2026-07-09T11:00:00+00:00,74.23400000000001,74.28,73.864,73.98,2487
2026-07-09T11:15:00+00:00,73.98,74.22,73.96300000000001,74.048,1484
2026-07-09T11:30:00+00:00,74.048,74.215,73.83800000000001,73.98400000000001,1634
2026-07-09T11:45:00+00:00,73.98400000000001,74.08500000000001,73.828,73.94500000000001,1455
2026-07-09T12:00:00+00:00,73.94500000000001,74.10000000000001,73.61800000000001,73.69000000000001,1877
2026-07-09T12:15:00+00:00,73.69000000000001,73.87,73.60300000000001,73.828,1482
2026-07-09T12:30:00+00:00,73.828,74.098,73.649,73.97,2007
2026-07-09T12:45:00+00:00,73.97,74.025,73.83800000000001,73.9,1754
2026-07-09T13:00:00+00:00,73.9,73.99000000000001,73.29,73.298,3683
2026-07-09T13:15:00+00:00,73.298,73.30000000000001,72.918,73.158,3213
2026-07-09T13:30:00+00:00,73.158,73.23,72.694,72.78800000000001,3347
2026-07-09T13:45:00+00:00,72.78800000000001,72.96000000000001,72.608,72.64800000000001,2998
2026-07-09T14:00:00+00:00,72.64800000000001,72.905,72.488,72.558,2746
2026-07-09T14:15:00+00:00,72.558,72.70400000000001,72.43900000000001,72.67800000000001,2172
2026-07-09T14:30:00+00:00,72.67800000000001,72.84,72.36800000000001,72.775,2530
2026-07-09T14:45:00+00:00,72.775,73.05300000000001,72.15400000000001,72.293,3503
2026-07-09T15:00:00+00:00,72.293,72.519,72.248,72.43,2494
2026-07-09T15:15:00+00:00,72.43,72.43900000000001,72.05300000000001,72.16300000000001,2926
2026-07-09T15:30:00+00:00,72.16300000000001,72.41900000000001,71.9,71.933,2314
2026-07-09T15:45:00+00:00,71.933,72.14,71.80000000000001,72.12,2157
2026-07-09T16:00:00+00:00,72.12,72.26,71.953,72.093,1795
2026-07-09T16:15:00+00:00,72.093,72.119,71.89,71.973,1614
2026-07-09T16:30:00+00:00,71.973,72.11,71.93900000000001,72.02900000000001,1588
2026-07-09T16:45:00+00:00,72.02900000000001,72.06,71.63000000000001,71.924,1980
2026-07-09T17:00:00+00:00,71.924,72.099,71.85900000000001,72.02300000000001,1198
2026-07-09T17:15:00+00:00,72.02300000000001,72.07000000000001,71.763,71.793,1045
2026-07-09T17:30:00+00:00,71.793,71.87,71.408,71.53,1652
2026-07-09T17:45:00+00:00,71.53,71.67800000000001,71.449,71.51,1117
2026-07-09T18:00:00+00:00,71.51,71.699,71.41000000000001,71.649,1389
2026-07-09T18:15:00+00:00,71.649,72.18400000000001,71.649,72.075,3538
2026-07-09T18:30:00+00:00,72.075,72.129,71.61800000000001,71.66300000000001,1615
2026-07-09T18:45:00+00:00,71.66300000000001,71.80300000000001,71.548,71.58800000000001,988
2026-07-09T19:00:00+00:00,71.58800000000001,71.635,71.418,71.59400000000001,849
2026-07-09T19:15:00+00:00,71.59400000000001,71.673,71.55900000000001,71.673,463
2026-07-09T19:30:00+00:00,71.673,71.83,71.66000000000001,71.80900000000001,462
2026-07-09T19:45:00+00:00,71.80900000000001,71.87,71.793,71.869,450
2026-07-09T20:00:00+00:00,71.869,71.915,71.608,71.71000000000001,497
2026-07-09T20:15:00+00:00,71.71000000000001,71.834,71.71000000000001,71.805,234
2026-07-09T20:30:00+00:00,71.805,71.89,71.738,71.834,303
2026-07-09T20:45:00+00:00,71.834,71.869,71.72,71.804,374
2026-07-09T22:00:00+00:00,71.804,71.834,71.318,71.77499999999999,485.1136937176252
2026-07-09T22:15:00+00:00,71.77499999999999,71.854,71.714,71.755,171
2026-07-09T22:30:00+00:00,71.755,71.868,71.74799999999999,71.845,135
2026-07-09T22:45:00+00:00,71.845,71.875,71.803,71.835,72
2026-07-09T23:00:00+00:00,71.835,71.895,71.75399999999999,71.78399999999999,138
2026-07-09T23:15:00+00:00,71.78399999999999,71.889,71.77799999999999,71.869,102
2026-07-09T23:30:00+00:00,71.869,71.89,71.813,71.854,80
2026-07-09T23:45:00+00:00,71.854,71.955,71.84299999999999,71.925,122
2026-07-10T00:00:00+00:00,71.925,72.005,71.798,71.853,630
2026-07-10T00:15:00+00:00,71.853,71.91,71.78,71.84299999999999,462
2026-07-10T00:30:00+00:00,71.84299999999999,71.964,71.84299999999999,71.939,316
2026-07-10T00:45:00+00:00,71.939,72.02499999999999,71.889,71.985,325
2026-07-10T01:00:00+00:00,71.985,72.113,71.779,71.958,1317
2026-07-10T01:15:00+00:00,71.958,72.185,71.953,72.109,780
2026-07-10T01:30:00+00:00,72.109,72.155,72.023,72.14999999999999,838
2026-07-10T01:45:00+00:00,72.14999999999999,72.195,72.068,72.154,687
2026-07-10T02:00:00+00:00,72.154,72.244,72.09899999999999,72.18299999999999,534
2026-07-10T02:15:00+00:00,72.18299999999999,72.3,72.12899999999999,72.29299999999999,372
2026-07-10T02:30:00+00:00,72.29299999999999,72.335,72.203,72.294,581
2026-07-10T02:45:00+00:00,72.294,72.428,72.265,72.36399999999999,485
2026-07-10T03:00:00+00:00,72.36399999999999,72.395,72.185,72.28999999999999,522
2026-07-10T03:15:00+00:00,72.28999999999999,72.35499999999999,72.25399999999999,72.294,316
2026-07-10T03:30:00+00:00,72.294,72.375,72.223,72.289,434
2026-07-10T03:45:00+00:00,72.289,72.41499999999999,72.283,72.41499999999999,265
2026-07-10T04:00:00+00:00,72.41499999999999,72.488,72.35799999999999,72.435,226
2026-07-10T04:15:00+00:00,72.435,72.569,72.414,72.46,316
2026-07-10T04:30:00+00:00,72.46,72.473,72.288,72.309,402
2026-07-10T04:45:00+00:00,72.309,72.335,72.188,72.29899999999999,375
2026-07-10T05:00:00+00:00,72.29899999999999,72.43299999999999,72.298,72.399,357
2026-07-10T05:15:00+00:00,72.399,72.414,72.283,72.304,306
2026-07-10T05:30:00+00:00,72.304,72.405,72.223,72.39,579
2026-07-10T05:45:00+00:00,72.39,72.39,71.984,72.17399999999999,852
2026-07-10T06:00:00+00:00,72.17399999999999,72.195,71.883,71.89399999999999,1099
2026-07-10T06:15:00+00:00,71.89399999999999,71.98899999999999,71.753,71.893,1064
2026-07-10T06:30:00+00:00,71.893,72.265,71.884,72.249,944
2026-07-10T06:45:00+00:00,72.249,72.274,72.01299999999999,72.054,1075
2026-07-10T07:00:00+00:00,72.054,72.098,71.76299999999999,71.788,1565
2026-07-10T07:15:00+00:00,71.788,71.85,71.46799999999999,71.59899999999999,1909
2026-07-10T07:30:00+00:00,71.59899999999999,71.669,71.314,71.405,1679
2026-07-10T07:45:00+00:00,71.405,71.648,71.383,71.579,1588
2026-07-10T08:00:00+00:00,71.579,71.619,71.18299999999999,71.38799999999999,2554
2026-07-10T08:15:00+00:00,71.38799999999999,71.66499999999999,71.34899999999999,71.634,3155
2026-07-10T08:30:00+00:00,71.634,72.19,71.63,71.914,2633
2026-07-10T08:45:00+00:00,71.914,72.11,71.813,71.898,1815
2026-07-10T09:00:00+00:00,71.898,72.068,71.648,71.714,1641
2026-07-10T09:15:00+00:00,71.714,71.795,71.523,71.64999999999999,1731
2026-07-10T09:30:00+00:00,71.64999999999999,71.945,71.548,71.86399999999999,1382
2026-07-10T09:45:00+00:00,71.86399999999999,71.955,71.768,71.86399999999999,1193
2026-07-10T10:00:00+00:00,71.86399999999999,72.045,71.80799999999999,72.008,1450
2026-07-10T10:15:00+00:00,72.008,72.08,71.905,71.984,906
2026-07-10T10:30:00+00:00,71.984,72.039,71.913,71.954,741
2026-07-10T10:45:00+00:00,71.954,72.30499999999999,71.94,72.255,1274
2026-07-10T11:00:00+00:00,72.255,72.33,72.154,72.253,1405
2026-07-10T11:15:00+00:00,72.253,72.52499999999999,72.234,72.49499999999999,1579
2026-07-10T11:30:00+00:00,72.49499999999999,72.67399999999999,72.454,72.55499999999999,1604
2026-07-10T11:45:00+00:00,72.55499999999999,72.845,72.47399999999999,72.734,1414
2026-07-10T12:00:00+00:00,72.734,72.848,71.478,71.89999999999999,4234
2026-07-10T12:15:00+00:00,71.89999999999999,72.235,71.818,72.053,3057
2026-07-10T12:30:00+00:00,72.053,72.35499999999999,72.053,72.283,1826
2026-07-10T12:45:00+00:00,72.283,72.34899999999999,71.92399999999999,71.958,1877
2026-07-10T13:00:00+00:00,71.958,72.175,71.88,72.05,2405
2026-07-10T13:15:00+00:00,72.05,72.395,72.048,72.11399999999999,1799
2026-07-10T13:30:00+00:00,72.11399999999999,72.19,71.619,71.689,3064
2026-07-10T13:45:00+00:00,71.689,71.81,71.51899999999999,71.59899999999999,2529
2026-07-10T14:00:00+00:00,71.59899999999999,71.825,71.538,71.813,2277
2026-07-10T14:15:00+00:00,71.813,71.87299999999999,71.684,71.734,1612
2026-07-10T14:30:00+00:00,71.734,73.125,71.473,72.009,9082
2026-07-10T14:45:00+00:00,72.009,72.05499999999999,71.758,71.944,2959
2026-07-10T15:00:00+00:00,71.944,71.945,71.279,71.375,3457
2026-07-10T15:15:00+00:00,71.375,71.564,71.154,71.333,3859
2026-07-10T15:30:00+00:00,71.333,71.435,71.095,71.228,2725
2026-07-10T15:45:00+00:00,71.228,71.265,70.78399999999999,71.015,2402
2026-07-10T16:00:00+00:00,71.015,71.505,71.008,71.26299999999999,2455
2026-07-10T16:15:00+00:00,71.26299999999999,71.344,71.149,71.253,1419
2026-07-10T16:30:00+00:00,71.253,71.324,71.149,71.193,1291
2026-07-10T16:45:00+00:00,71.193,71.225,71.018,71.094,1184
2026-07-10T17:00:00+00:00,71.094,71.344,71.04899999999999,71.329,1124
2026-07-10T17:15:00+00:00,71.329,71.42,71.21799999999999,71.27,1218
2026-07-10T17:30:00+00:00,71.27,71.404,71.198,71.329,1351
2026-07-10T17:45:00+00:00,71.329,71.349,71.12799999999999,71.28399999999999,1314.1476133172885
2026-07-10T18:00:00+00:00,71.28399999999999,71.32499999999999,71.073,71.25899999999999,1733
2026-07-10T18:15:00+00:00,71.25899999999999,71.51499999999999,71.178,71.40899999999999,2649
2026-07-10T18:30:00+00:00,71.40899999999999,71.60499999999999,71.36299999999999,71.579,1086
2026-07-10T18:45:00+00:00,71.579,71.609,71.54899999999999,71.58899999999998,370
2026-07-10T19:00:00+00:00,71.58899999999998,71.609,71.56299999999999,71.57499999999999,244
2026-07-10T19:15:00+00:00,71.57499999999999,71.70299999999999,71.49999999999999,71.61299999999999,494
2026-07-10T19:30:00+00:00,71.61299999999999,71.69,71.443,71.609,665
2026-07-10T19:45:00+00:00,71.609,71.63399999999999,71.55399999999999,71.56899999999999,320
2026-07-10T20:00:00+00:00,71.56899999999999,71.56899999999999,71.493,71.553,291
2026-07-10T20:15:00+00:00,71.553,71.594,71.52999999999999,71.56299999999999,217
2026-07-10T20:30:00+00:00,71.56299999999999,71.65299999999999,71.505,71.52499999999999,233
2026-07-12T22:00:00+00:00,71.52499999999999,74.199,71.484,74.064,2316.300143662283
2026-07-12T22:15:00+00:00,74.064,74.085,73.66499999999999,73.68299999999999,683
2026-07-12T22:30:00+00:00,73.68299999999999,73.715,73.578,73.619,418
2026-07-12T22:45:00+00:00,73.619,73.77,73.619,73.699,293
2026-07-12T23:00:00+00:00,73.699,73.72999999999999,73.62899999999999,73.67999999999999,281
2026-07-12T23:15:00+00:00,73.67999999999999,73.755,73.649,73.744,196
2026-07-12T23:30:00+00:00,73.744,73.88499999999999,73.675,73.85,357
2026-07-12T23:45:00+00:00,73.85,73.85,73.66799999999999,73.77799999999999,275
2026-07-13T00:00:00+00:00,73.77799999999999,73.944,73.72999999999999,73.939,529
2026-07-13T00:15:00+00:00,73.939,74.175,73.913,73.92399999999999,476
2026-07-13T00:30:00+00:00,73.92399999999999,74.485,73.908,74.414,872
2026-07-13T00:45:00+00:00,74.414,74.493,74.21,74.274,911
2026-07-13T01:00:00+00:00,74.274,74.49799999999999,74.21799999999999,74.38,2259
2026-07-13T01:15:00+00:00,74.38,74.575,74.185,74.313,1812
2026-07-13T01:30:00+00:00,74.313,74.655,74.313,74.49,1434
2026-07-13T01:45:00+00:00,74.49,74.565,74.38799999999999,74.395,878
2026-07-13T02:00:00+00:00,74.395,74.505,74.279,74.41799999999999,1366
2026-07-13T02:15:00+00:00,74.41799999999999,74.6,74.413,74.494,557
2026-07-13T02:30:00+00:00,74.494,74.524,74.113,74.27799999999999,1538
2026-07-13T02:45:00+00:00,74.27799999999999,74.329,74.14399999999999,74.25999999999999,905
2026-07-13T03:00:00+00:00,74.25999999999999,74.454,74.244,74.413,609
2026-07-13T03:15:00+00:00,74.413,74.454,74.309,74.318,554
2026-07-13T03:30:00+00:00,74.318,74.384,74.133,74.335,889
2026-07-13T03:45:00+00:00,74.335,74.344,74.184,74.298,431
2026-07-13T04:00:00+00:00,74.298,74.38,74.283,74.319,314
2026-07-13T04:15:00+00:00,74.319,74.404,74.3,74.354,274
2026-07-13T04:30:00+00:00,74.354,74.53,74.33,74.469,325
2026-07-13T04:45:00+00:00,74.469,74.56,74.46799999999999,74.538,225
2026-07-13T05:00:00+00:00,74.538,74.66499999999999,74.48299999999999,74.518,435
2026-07-13T05:15:00+00:00,74.518,74.714,74.48299999999999,74.704,491
2026-07-13T05:30:00+00:00,74.704,74.964,74.624,74.953,1367
2026-07-13T05:45:00+00:00,74.953,75.084,74.708,74.708,1438
2026-07-13T06:00:00+00:00,74.708,74.725,74.493,74.51899999999999,1425
2026-07-13T06:15:00+00:00,74.51899999999999,74.52799999999999,74.26299999999999,74.33,1190
2026-07-13T06:30:00+00:00,74.33,74.365,74.088,74.203,1368
2026-07-13T06:45:00+00:00,74.203,74.24,74.005,74.07,1360
2026-07-13T07:00:00+00:00,74.07,74.235,73.938,73.979,1421
2026-07-13T07:15:00+00:00,73.979,74.155,73.963,74.103,957
2026-07-13T07:30:00+00:00,74.103,74.235,73.68299999999999,73.925,1733
2026-07-13T07:45:00+00:00,73.925,74.10499999999999,73.878,74.015,1216
2026-07-13T08:00:00+00:00,74.015,74.05499999999999,73.414,73.443,2325
2026-07-13T08:15:00+00:00,73.443,73.499,73.103,73.229,3623
2026-07-13T08:30:00+00:00,73.229,73.535,73.149,73.389,1849
2026-07-13T08:45:00+00:00,73.389,73.395,72.768,73.065,2055
2026-07-13T09:00:00+00:00,73.065,73.175,72.78399999999999,72.99499999999999,1812
2026-07-13T09:15:00+00:00,72.99499999999999,73.02,72.658,72.87899999999999,1592
2026-07-13T09:30:00+00:00,72.87899999999999,72.92999999999999,72.62299999999999,72.65899999999999,1591
2026-07-13T09:45:00+00:00,72.65899999999999,73.199,72.633,73.134,1756
2026-07-13T10:00:00+00:00,73.134,73.56,73.12299999999999,73.52,2011
2026-07-13T10:15:00+00:00,73.52,73.725,73.39399999999999,73.703,1825
2026-07-13T10:30:00+00:00,73.703,73.85499999999999,73.645,73.74799999999999,1726
2026-07-13T10:45:00+00:00,73.74799999999999,73.95,73.66499999999999,73.82,1394
2026-07-13T11:00:00+00:00,73.82,74.024,73.59899999999999,73.878,2497
2026-07-13T11:15:00+00:00,73.878,74.053,73.703,73.795,1506
2026-07-13T11:30:00+00:00,73.795,73.964,73.713,73.734,1452
2026-07-13T11:45:00+00:00,73.734,73.945,73.689,73.823,1288
2026-07-13T12:00:00+00:00,73.823,74.11,73.648,74.078,2327
2026-07-13T12:15:00+00:00,74.078,74.154,73.954,74.113,1753
2026-07-13T12:30:00+00:00,74.113,74.47399999999999,74.113,74.36999999999999,2302
2026-07-13T12:45:00+00:00,74.36999999999999,74.383,73.783,73.78999999999999,2086
2026-07-13T13:00:00+00:00,73.78999999999999,74.039,73.61399999999999,73.878,2461
2026-07-13T13:15:00+00:00,73.878,73.935,73.448,73.655,2038
2026-07-13T13:30:00+00:00,73.655,74.079,73.615,74.01299999999999,2767
2026-07-13T13:45:00+00:00,74.01299999999999,74.11399999999999,73.73299999999999,73.743,2058
2026-07-13T14:00:00+00:00,73.743,74.015,73.51899999999999,73.889,2544
2026-07-13T14:15:00+00:00,73.889,75.22,73.824,74.8,10635
2026-07-13T14:30:00+00:00,74.8,74.834,74.443,74.47399999999999,3476
2026-07-13T14:45:00+00:00,74.47399999999999,74.66,74.163,74.508,3296
2026-07-13T15:00:00+00:00,74.508,74.92999999999999,74.41799999999999,74.844,2985
2026-07-13T15:15:00+00:00,74.844,74.99499999999999,74.509,74.52499999999999,3382
2026-07-13T15:30:00+00:00,74.52499999999999,74.694,74.469,74.673,2492
2026-07-13T15:45:00+00:00,74.673,74.875,74.529,74.85499999999999,2020
2026-07-13T16:00:00+00:00,74.85499999999999,75.10499999999999,74.78399999999999,75.06,1953
2026-07-13T16:15:00+00:00,75.06,75.19,74.945,75.119,1748
2026-07-13T16:30:00+00:00,75.119,75.205,74.988,75.11399999999999,1930
2026-07-13T16:45:00+00:00,75.11399999999999,75.965,75.088,75.75,4059
2026-07-13T17:00:00+00:00,75.75,75.839,75.40299999999999,75.838,2547
2026-07-13T17:15:00+00:00,75.838,76.04899999999999,75.743,76.005,2393
2026-07-13T17:30:00+00:00,76.005,76.76899999999999,75.955,76.755,3247
2026-07-13T17:45:00+00:00,76.755,77.68299999999999,76.615,77.609,4484
2026-07-13T18:00:00+00:00,77.609,78.01299999999999,77.393,77.663,5459
2026-07-13T18:15:00+00:00,77.663,78.465,77.624,78.14999999999999,7618
2026-07-13T18:30:00+00:00,78.14999999999999,78.40299999999999,77.493,77.53399999999999,4304
2026-07-13T18:45:00+00:00,77.53399999999999,77.804,77.51299999999999,77.649,2137
2026-07-13T19:00:00+00:00,77.649,77.824,77.48299999999999,77.76299999999999,1630
2026-07-13T19:15:00+00:00,77.76299999999999,77.824,77.618,77.76299999999999,1263
2026-07-13T19:30:00+00:00,77.76299999999999,77.985,77.655,77.935,1721
2026-07-13T19:45:00+00:00,77.935,77.954,77.62299999999999,77.66799999999999,1374
2026-07-13T20:00:00+00:00,77.66799999999999,78.455,77.64999999999999,78.44,1803
2026-07-13T20:15:00+00:00,78.44,78.58,78.05499999999999,78.164,1566
2026-07-13T20:30:00+00:00,78.164,78.36,78.033,78.205,843
2026-07-13T20:45:00+00:00,78.205,78.22399999999999,77.93299999999999,78.038,1339
2026-07-13T22:00:00+00:00,78.038,78.18,77.953,77.97000000000001,605.94769715403
2026-07-13T22:15:00+00:00,77.97000000000001,78.259,77.94800000000001,78.18,250
2026-07-13T22:30:00+00:00,78.18,78.31500000000001,78.158,78.27900000000001,168
2026-07-13T22:45:00+00:00,78.27900000000001,79.129,78.263,79.10000000000001,741
2026-07-13T23:00:00+00:00,79.10000000000001,79.183,78.643,78.885,623
2026-07-13T23:15:00+00:00,78.885,79.024,78.81800000000001,79.003,409
2026-07-13T23:30:00+00:00,79.003,79.62400000000001,79.003,79.62400000000001,598
2026-07-13T23:45:00+00:00,79.62400000000001,79.62400000000001,79.003,79.018,1473
2026-07-14T00:00:00+00:00,79.018,79.74000000000001,78.623,79.35900000000001,4643
2026-07-14T00:15:00+00:00,79.35900000000001,80.46400000000001,79.34800000000001,80.17800000000001,3960
2026-07-14T00:30:00+00:00,80.17800000000001,80.27000000000001,79.804,79.998,2472
2026-07-14T00:45:00+00:00,79.998,79.99900000000001,79.739,79.894,1956
2026-07-14T01:00:00+00:00,79.894,79.99000000000001,79.27300000000001,79.54,6406
2026-07-14T01:15:00+00:00,79.54,79.59,79.13000000000001,79.52000000000001,3829
2026-07-14T01:30:00+00:00,79.52000000000001,79.59,79.233,79.48500000000001,2752
2026-07-14T01:45:00+00:00,79.48500000000001,79.635,79.289,79.58300000000001,2212
2026-07-14T02:00:00+00:00,79.58300000000001,79.62,79.15400000000001,79.19300000000001,2942
2026-07-14T02:15:00+00:00,79.19300000000001,79.37400000000001,79.19300000000001,79.23800000000001,1395
2026-07-14T02:30:00+00:00,79.23800000000001,79.48400000000001,78.965,79.41900000000001,3017
2026-07-14T02:45:00+00:00,79.41900000000001,79.655,79.33300000000001,79.569,1866
2026-07-14T03:00:00+00:00,79.569,79.754,79.518,79.74900000000001,2053
2026-07-14T03:15:00+00:00,79.74900000000001,80.09500000000001,79.748,79.84800000000001,1637
2026-07-14T03:30:00+00:00,79.84800000000001,80.10400000000001,79.63000000000001,79.74400000000001,2004
2026-07-14T03:45:00+00:00,79.74400000000001,79.75500000000001,79.46900000000001,79.664,1120
2026-07-14T04:00:00+00:00,79.664,79.85000000000001,79.548,79.74900000000001,953
2026-07-14T04:15:00+00:00,79.74900000000001,79.78500000000001,79.47800000000001,79.665,1068
2026-07-14T04:30:00+00:00,79.665,79.88900000000001,79.60900000000001,79.84,800
2026-07-14T04:45:00+00:00,79.84,79.95800000000001,79.768,79.82400000000001,864
2026-07-14T05:00:00+00:00,79.82400000000001,79.93900000000001,79.709,79.76400000000001,880
2026-07-14T05:15:00+00:00,79.76400000000001,79.879,79.688,79.72800000000001,628
2026-07-14T05:30:00+00:00,79.72800000000001,79.73,78.908,78.965,3999
2026-07-14T05:45:00+00:00,78.965,79.495,78.88300000000001,79.41300000000001,2366
2026-07-14T06:00:00+00:00,79.41300000000001,79.769,79.358,79.668,2311
2026-07-14T06:15:00+00:00,79.668,80.355,79.50800000000001,80.25800000000001,2448
2026-07-14T06:30:00+00:00,80.25800000000001,80.35900000000001,80.019,80.34500000000001,3180
2026-07-14T06:45:00+00:00,80.34500000000001,80.63000000000001,80.30900000000001,80.48500000000001,3172
2026-07-14T07:00:00+00:00,80.48500000000001,80.68,80.02300000000001,80.10900000000001,4035
2026-07-14T07:15:00+00:00,80.10900000000001,80.525,80.01400000000001,80.474,3328
2026-07-14T07:30:00+00:00,80.474,80.97900000000001,80.47000000000001,80.908,4013
2026-07-14T07:45:00+00:00,80.908,80.97000000000001,80.128,80.42500000000001,4612
2026-07-14T08:00:00+00:00,80.42500000000001,81.16300000000001,80.39,80.634,5794
2026-07-14T08:15:00+00:00,80.634,80.634,80.00800000000001,80.40400000000001,6013
2026-07-14T08:30:00+00:00,80.40400000000001,80.75800000000001,80.34800000000001,80.599,4480
2026-07-14T08:45:00+00:00,80.599,81.09800000000001,80.393,81.07000000000001,4045
2026-07-14T09:00:00+00:00,81.07000000000001,81.29,80.17800000000001,80.18900000000001,5128
2026-07-14T09:15:00+00:00,80.18900000000001,80.78500000000001,80.078,80.718,3858
2026-07-14T09:30:00+00:00,80.718,80.73800000000001,80.263,80.43400000000001,2696
2026-07-14T09:45:00+00:00,80.43400000000001,80.73,80.19800000000001,80.623,3146
2026-07-14T10:00:00+00:00,80.623,81.11500000000001,80.55300000000001,81.03,2714
2026-07-14T10:15:00+00:00,81.03,81.09500000000001,80.71300000000001,80.92,2434
2026-07-14T10:30:00+00:00,80.92,81.32000000000001,80.34400000000001,80.768,4109
2026-07-14T10:45:00+00:00,80.768,81.155,80.765,80.94900000000001,2590
2026-07-14T11:00:00+00:00,80.94900000000001,81.09500000000001,80.41900000000001,80.50800000000001,3035
2026-07-14T11:15:00+00:00,80.50800000000001,80.659,79.97500000000001,80.024,3740
2026-07-14T11:30:00+00:00,80.024,80.024,79.548,79.885,4031
2026-07-14T11:45:00+00:00,79.885,79.95400000000001,79.51400000000001,79.59,3197
2026-07-14T12:00:00+00:00,79.59,80.153,79.518,80.048,3253
2026-07-14T12:15:00+00:00,80.048,80.2,79.798,80.10400000000001,2769
2026-07-14T12:30:00+00:00,80.10400000000001,80.68900000000001,79.784,80.528,5120
2026-07-14T12:45:00+00:00,80.528,80.93,80.49300000000001,80.74400000000001,4251
2026-07-14T13:00:00+00:00,80.74400000000001,81.009,80.515,80.53,6454
2026-07-14T13:15:00+00:00,80.53,80.68,79.884,80.08000000000001,5247
2026-07-14T13:30:00+00:00,80.08000000000001,80.569,79.72900000000001,79.748,7671
2026-07-14T13:45:00+00:00,79.748,80.22800000000001,79.634,79.974,5692
2026-07-14T14:00:00+00:00,79.974,80.00800000000001,79.433,79.86000000000001,6113
2026-07-14T14:15:00+00:00,79.86000000000001,80.04,79.36000000000001,79.465,5403
2026-07-14T14:30:00+00:00,79.465,79.555,78.16900000000001,79.37400000000001,8095
2026-07-14T14:45:00+00:00,79.37400000000001,79.39,78.66000000000001,78.88300000000001,5511
2026-07-14T15:00:00+00:00,78.88300000000001,79.07900000000001,77.884,78.638,11006
2026-07-14T15:15:00+00:00,78.638,79.039,78.539,78.58900000000001,6669
2026-07-14T15:30:00+00:00,78.58900000000001,79.78800000000001,78.58900000000001,79.58900000000001,6254
2026-07-14T15:45:00+00:00,79.58900000000001,79.83000000000001,79.433,79.525,4560
2026-07-14T16:00:00+00:00,79.525,79.68,78.97800000000001,79.08800000000001,4491
2026-07-14T16:15:00+00:00,79.08800000000001,79.465,78.834,79.405,3243
2026-07-14T16:30:00+00:00,79.405,79.43,79.00800000000001,79.174,2456
2026-07-14T16:45:00+00:00,79.174,79.43,79.11800000000001,79.25000000000001,2254
2026-07-14T17:00:00+00:00,79.25000000000001,79.35900000000001,78.84800000000001,79.143,3059
2026-07-14T17:15:00+00:00,79.143,79.32400000000001,79.00800000000001,79.123,2531
2026-07-14T17:30:00+00:00,79.123,79.21000000000001,78.825,78.98800000000001,2556
2026-07-14T17:45:00+00:00,78.98800000000001,79.12,78.525,78.77300000000001,2990
2026-07-14T18:00:00+00:00,78.77300000000001,79.215,78.765,78.929,2659
2026-07-14T18:15:00+00:00,78.929,79.44500000000001,78.878,79.438,3448
2026-07-14T18:30:00+00:00,79.438,79.86900000000001,79.36800000000001,79.61800000000001,2868
2026-07-14T18:45:00+00:00,79.61800000000001,79.834,79.558,79.683,1516
2026-07-14T19:00:00+00:00,79.683,79.85000000000001,79.61300000000001,79.72500000000001,1294
2026-07-14T19:15:00+00:00,79.72500000000001,79.83500000000001,79.52900000000001,79.635,1465
2026-07-14T19:30:00+00:00,79.635,80.00000000000001,79.62500000000001,79.70800000000001,1718
2026-07-14T19:45:00+00:00,79.70800000000001,79.855,79.638,79.73400000000001,1694
2026-07-14T20:00:00+00:00,79.73400000000001,79.96000000000001,79.72500000000001,79.9,962
2026-07-14T20:15:00+00:00,79.9,80.055,79.85900000000001,79.99000000000001,504
2026-07-14T20:30:00+00:00,79.99000000000001,80.32000000000001,79.97000000000001,80.05000000000001,1505
2026-07-14T20:45:00+00:00,80.05000000000001,80.055,79.84500000000001,79.873,2350
2026-07-14T22:00:00+00:00,79.873,80.283,79.83300000000001,80.05000000000001,560.9595974599874
2026-07-14T22:15:00+00:00,80.05000000000001,80.10400000000001,79.87,79.92,298
2026-07-14T22:30:00+00:00,79.92,80.045,79.87400000000001,80.00500000000001,216
2026-07-14T22:45:00+00:00,80.00500000000001,80.01,79.95800000000001,79.959,104
2026-07-14T23:00:00+00:00,79.959,79.98500000000001,79.915,79.96900000000001,88
2026-07-14T23:15:00+00:00,79.96900000000001,80.009,79.73,79.798,170
2026-07-14T23:30:00+00:00,79.798,79.95,79.789,79.92500000000001,152
2026-07-14T23:45:00+00:00,79.92500000000001,79.97000000000001,79.85300000000001,79.893,210
2026-07-15T00:00:00+00:00,79.893,80.25500000000001,79.65400000000001,80.254,1176
2026-07-15T00:15:00+00:00,80.254,80.36900000000001,80.16300000000001,80.304,765
2026-07-15T00:30:00+00:00,80.304,80.61000000000001,80.304,80.575,726
2026-07-15T00:45:00+00:00,80.575,80.63000000000001,80.24000000000001,80.25000000000001,865
2026-07-15T01:00:00+00:00,80.25000000000001,80.25500000000001,79.899,80.01400000000001,2699
2026-07-15T01:15:00+00:00,80.01400000000001,80.14,79.81400000000001,80.11500000000001,1466
2026-07-15T01:30:00+00:00,80.11500000000001,80.155,79.94300000000001,80.05300000000001,1094
2026-07-15T01:45:00+00:00,80.05300000000001,80.29400000000001,80.013,80.259,1002
2026-07-15T02:00:00+00:00,80.259,80.42500000000001,80.08500000000001,80.159,966
2026-07-15T02:15:00+00:00,80.159,80.278,80.14,80.245,404
2026-07-15T02:30:00+00:00,80.245,80.34,80.194,80.263,641
2026-07-15T02:45:00+00:00,80.263,80.48,80.25800000000001,80.33300000000001,901
2026-07-15T03:00:00+00:00,80.33300000000001,80.36300000000001,80.159,80.248,690
2026-07-15T03:15:00+00:00,80.248,80.32400000000001,80.11300000000001,80.13900000000001,721
2026-07-15T03:30:00+00:00,80.13900000000001,80.284,80.03800000000001,80.19000000000001,741
2026-07-15T03:45:00+00:00,80.19000000000001,80.19300000000001,79.86800000000001,79.989,697
2026-07-15T04:00:00+00:00,79.989,80.12400000000001,79.98400000000001,80.02000000000001,517
2026-07-15T04:15:00+00:00,80.02000000000001,80.06500000000001,79.798,79.899,650
2026-07-15T04:30:00+00:00,79.899,79.94000000000001,79.74900000000001,79.84800000000001,487
2026-07-15T04:45:00+00:00,79.84800000000001,79.84800000000001,79.70500000000001,79.83000000000001,474
2026-07-15T05:00:00+00:00,79.83000000000001,80.028,79.798,79.82400000000001,709
2026-07-15T05:15:00+00:00,79.82400000000001,79.96300000000001,79.77300000000001,79.915,644
2026-07-15T05:30:00+00:00,79.915,79.95400000000001,79.52300000000001,79.87400000000001,2261
2026-07-15T05:45:00+00:00,79.87400000000001,79.953,79.658,79.75500000000001,1094
2026-07-15T06:00:00+00:00,79.75500000000001,79.915,79.683,79.72500000000001,1323
2026-07-15T06:15:00+00:00,79.72500000000001,79.86800000000001,79.53800000000001,79.754,1376
2026-07-15T06:30:00+00:00,79.754,79.84,79.60900000000001,79.68400000000001,1231
2026-07-15T06:45:00+00:00,79.68400000000001,80.08900000000001,79.63300000000001,80.025,1681
2026-07-15T07:00:00+00:00,80.025,80.459,80.025,80.22800000000001,2406
2026-07-15T07:15:00+00:00,80.22800000000001,80.54,80.173,80.39,1829
2026-07-15T07:30:00+00:00,80.39,80.54,80.188,80.44300000000001,2127
2026-07-15T07:45:00+00:00,80.44300000000001,80.668,80.259,80.58900000000001,2306
2026-07-15T08:00:00+00:00,80.58900000000001,80.98500000000001,80.563,80.85900000000001,3039
2026-07-15T08:15:00+00:00,80.85900000000001,80.85900000000001,79.85900000000001,79.89,5225
2026-07-15T08:30:00+00:00,79.89,80.06800000000001,79.69800000000001,79.825,3656
2026-07-15T08:45:00+00:00,79.825,79.89800000000001,79.39,79.438,3040
2026-07-15T09:00:00+00:00,79.438,79.69000000000001,79.33800000000001,79.628,2647
2026-07-15T09:15:00+00:00,79.628,80.02900000000001,79.61900000000001,79.98500000000001,1806
2026-07-15T09:30:00+00:00,79.98500000000001,80.06800000000001,79.75800000000001,79.83800000000001,1966
2026-07-15T09:45:00+00:00,79.83800000000001,80.21000000000001,79.83300000000001,80.17,1624
2026-07-15T10:00:00+00:00,80.17,80.33000000000001,79.98500000000001,80.24300000000001,1694
2026-07-15T10:15:00+00:00,80.24300000000001,80.385,80.048,80.319,1935
2026-07-15T10:30:00+00:00,80.319,80.35000000000001,79.97300000000001,80.075,1603
2026-07-15T10:45:00+00:00,80.075,80.179,79.888,79.914,1309
2026-07-15T11:00:00+00:00,79.914,80.13000000000001,79.784,80.07300000000001,1485
2026-07-15T11:15:00+00:00,80.07300000000001,80.12,79.77900000000001,79.784,1484
2026-07-15T11:30:00+00:00,79.784,79.953,79.75800000000001,79.843,1249
2026-07-15T11:45:00+00:00,79.843,79.843,79.408,79.60300000000001,2396
2026-07-15T12:00:00+00:00,79.60300000000001,79.828,79.599,79.68400000000001,1905
2026-07-15T12:15:00+00:00,79.68400000000001,79.97500000000001,79.58500000000001,79.89,1681
2026-07-15T12:30:00+00:00,79.89,79.94500000000001,79.69500000000001,79.74900000000001,1877
2026-07-15T12:45:00+00:00,79.74900000000001,79.90400000000001,79.643,79.80900000000001,1943
2026-07-15T13:00:00+00:00,79.80900000000001,80.32000000000001,79.63900000000001,80.28,4183
2026-07-15T13:15:00+00:00,80.28,80.50000000000001,80.11000000000001,80.423,2406
2026-07-15T13:30:00+00:00,80.423,80.44000000000001,79.849,80.009,3019
2026-07-15T13:45:00+00:00,80.009,80.22800000000001,79.42800000000001,79.83000000000001,5592
2026-07-15T14:00:00+00:00,79.83000000000001,79.91000000000001,79.56800000000001,79.84400000000001,3842
2026-07-15T14:15:00+00:00,79.84400000000001,79.9,79.283,79.495,2836
2026-07-15T14:30:00+00:00,79.495,79.49900000000001,79.093,79.33800000000001,4928
2026-07-15T14:45:00+00:00,79.33800000000001,79.34500000000001,78.599,78.67800000000001,4830
2026-07-15T15:00:00+00:00,78.67800000000001,78.96000000000001,78.61800000000001,78.933,4124
2026-07-15T15:15:00+00:00,78.933,79.015,78.36900000000001,78.433,4967
2026-07-15T15:30:00+00:00,78.433,78.858,78.23400000000001,78.61900000000001,4842
2026-07-15T15:45:00+00:00,78.61900000000001,78.92800000000001,78.548,78.918,2883
2026-07-15T16:00:00+00:00,78.918,79.25500000000001,78.89,79.058,2749
2026-07-15T16:15:00+00:00,79.058,79.44000000000001,78.998,79.248,2351
2026-07-15T16:30:00+00:00,79.248,79.54,79.19300000000001,79.533,1809
2026-07-15T16:45:00+00:00,79.533,79.77000000000001,78.879,79.53,3306
2026-07-15T17:00:00+00:00,79.53,79.534,79.14800000000001,79.39500000000001,2468
2026-07-15T17:15:00+00:00,79.39500000000001,79.47500000000001,79.02300000000001,79.033,1830
2026-07-15T17:30:00+00:00,79.033,79.22000000000001,78.83300000000001,78.998,2819
2026-07-15T17:45:00+00:00,78.998,79.07900000000001,78.9,79.024,1784
2026-07-15T18:00:00+00:00,79.024,79.25900000000001,78.87400000000001,79.16900000000001,1949.9451366933235
2026-07-15T18:15:00+00:00,79.16900000000001,79.72900000000001,79.15300000000002,79.71400000000001,2625
2026-07-15T18:30:00+00:00,79.71400000000001,79.94800000000002,79.66300000000001,79.82400000000001,1726
2026-07-15T18:45:00+00:00,79.82400000000001,79.88900000000001,79.69900000000001,79.79500000000002,1272
2026-07-15T19:00:00+00:00,79.79500000000002,79.82000000000002,79.63800000000002,79.71400000000001,973
2026-07-15T19:15:00+00:00,79.71400000000001,79.97300000000001,79.61800000000002,79.94000000000001,1016
2026-07-15T19:30:00+00:00,79.94000000000001,80.73300000000002,79.88800000000002,80.31500000000001,3047
2026-07-15T19:45:00+00:00,80.31500000000001,80.42500000000001,80.28300000000002,80.35900000000002,1046
2026-07-15T20:00:00+00:00,80.35900000000002,80.56300000000002,80.34500000000001,80.44400000000002,734
2026-07-15T20:15:00+00:00,80.44400000000002,80.45500000000001,80.22500000000002,80.36000000000001,507
2026-07-15T20:30:00+00:00,80.36000000000001,80.50900000000001,80.34400000000002,80.46900000000002,396
2026-07-15T20:45:00+00:00,80.46900000000002,80.48500000000001,80.23400000000002,80.29800000000002,521
2026-07-15T22:00:00+00:00,80.29800000000002,80.29800000000002,80.00800000000002,80.25900000000001,326.51660739043945
2026-07-15T22:15:00+00:00,80.25900000000001,80.40500000000002,80.23800000000001,80.38300000000002,170
2026-07-15T22:30:00+00:00,80.38300000000002,80.51500000000001,80.30800000000002,80.34400000000002,197
2026-07-15T22:45:00+00:00,80.34400000000002,80.60500000000002,80.25900000000001,80.32800000000002,307
2026-07-15T23:00:00+00:00,80.32800000000002,80.38400000000001,80.26300000000002,80.30400000000002,146
2026-07-15T23:15:00+00:00,80.30400000000002,80.31400000000002,80.20300000000002,80.22400000000002,113
2026-07-15T23:30:00+00:00,80.22400000000002,80.29500000000002,80.09900000000002,80.22500000000002,141
2026-07-15T23:45:00+00:00,80.22500000000002,80.22500000000002,80.119,80.152,110
2026-07-16T00:00:00+00:00,80.152,80.158,79.949,79.953,661
2026-07-16T00:15:00+00:00,79.953,80.038,79.858,79.968,391
2026-07-16T00:30:00+00:00,79.968,80.204,79.948,80.127,426
2026-07-16T00:45:00+00:00,80.127,80.154,80.007,80.113,238
2026-07-16T01:00:00+00:00,80.113,80.349,79.997,80.269,1296
2026-07-16T01:15:00+00:00,80.269,80.269,80.003,80.127,902
2026-07-16T01:30:00+00:00,80.127,80.127,79.938,80.113,734
2026-07-16T01:45:00+00:00,80.113,80.274,79.932,80.042,779
2026-07-16T02:00:00+00:00,80.042,80.154,80.032,80.102,654
2026-07-16T02:15:00+00:00,80.102,80.268,80.053,80.209,256
2026-07-16T02:30:00+00:00,80.209,80.239,80.007,80.157,876
2026-07-16T02:45:00+00:00,80.157,80.172,79.979,80.018,708
2026-07-16T03:00:00+00:00,80.018,80.077,79.884,79.899,621
2026-07-16T03:15:00+00:00,79.899,79.909,79.642,79.688,1011
2026-07-16T03:30:00+00:00,79.688,79.734,79.257,79.369,1068
2026-07-16T03:45:00+00:00,79.369,79.548,79.348,79.528,542
2026-07-16T04:00:00+00:00,79.528,79.597,79.453,79.493,601
2026-07-16T04:15:00+00:00,79.493,79.568,79.438,79.487,381
2026-07-16T04:30:00+00:00,79.487,79.503,79.308,79.308,346
2026-07-16T04:45:00+00:00,79.308,79.384,79.242,79.358,382
2026-07-16T05:00:00+00:00,79.358,79.369,79.217,79.328,409
2026-07-16T05:15:00+00:00,79.328,79.393,79.248,79.278,535
2026-07-16T05:30:00+00:00,79.278,79.419,79.132,79.342,1414
2026-07-16T05:45:00+00:00,79.342,79.477,79.262,79.389,902
2026-07-16T06:00:00+00:00,79.389,79.672,79.278,79.407,1607
2026-07-16T06:15:00+00:00,79.407,79.649,79.288,79.563,1204
2026-07-16T06:30:00+00:00,79.563,79.658,79.292,79.522,1272
2026-07-16T06:45:00+00:00,79.522,79.599,79.247,79.397,1484
2026-07-16T07:00:00+00:00,79.397,79.594,79.197,79.254,2004
2026-07-16T07:15:00+00:00,79.254,79.729,79.232,79.667,1588
2026-07-16T07:30:00+00:00,79.667,79.764,79.497,79.548,1557
2026-07-16T07:45:00+00:00,79.548,79.602,79.452,79.534,1610
2026-07-16T08:00:00+00:00,79.534,79.622,79.258,79.519,2519
2026-07-16T08:15:00+00:00,79.519,79.547,79.384,79.394,2580
2026-07-16T08:30:00+00:00,79.394,79.657,79.318,79.562,2050
2026-07-16T08:45:00+00:00,79.562,79.589,79.257,79.302,1600
2026-07-16T09:00:00+00:00,79.302,79.313,78.889,78.938,2576
2026-07-16T09:15:00+00:00,78.938,79.373,78.912,79.074,1728
2026-07-16T09:30:00+00:00,79.074,79.572,79.012,79.513,1997
2026-07-16T09:45:00+00:00,79.513,79.633,79.403,79.538,1511
2026-07-16T10:00:00+00:00,79.538,79.574,79.384,79.542,1355
2026-07-16T10:15:00+00:00,79.542,79.588,79.428,79.557,1045
2026-07-16T10:30:00+00:00,79.557,79.669,79.527,79.579,795
2026-07-16T10:45:00+00:00,79.579,79.653,79.437,79.609,1023
2026-07-16T11:00:00+00:00,79.609,79.612,79.328,79.474,1124
2026-07-16T11:15:00+00:00,79.474,79.554,79.307,79.364,1362
2026-07-16T11:30:00+00:00,79.364,79.529,79.348,79.432,1132
2026-07-16T11:45:00+00:00,79.432,80.267,79.332,79.658,3909
2026-07-16T12:00:00+00:00,79.658,80.167,79.603,80.084,2236
2026-07-16T12:15:00+00:00,80.084,80.704,80.083,80.417,2982
2026-07-16T12:30:00+00:00,80.417,80.674,80.293,80.653,3179
2026-07-16T12:45:00+00:00,80.653,80.659,80.272,80.483,2295
2026-07-16T13:00:00+00:00,80.483,80.849,80.307,80.337,3928
2026-07-16T13:15:00+00:00,80.337,80.527,80.107,80.138,2807
2026-07-16T13:30:00+00:00,80.138,80.338,79.859,79.978,3318
2026-07-16T13:45:00+00:00,79.978,80.094,79.862,80.064,2052
2026-07-16T14:00:00+00:00,80.064,80.079,79.679,79.949,2592
2026-07-16T14:15:00+00:00,79.949,80.284,79.868,80.024,2519
2026-07-16T14:30:00+00:00,80.024,80.054,79.762,79.772,2618
2026-07-16T14:45:00+00:00,79.772,79.854,79.442,79.562,2837
2026-07-16T15:00:00+00:00,79.562,79.749,79.454,79.664,2782
2026-07-16T15:15:00+00:00,79.664,79.698,79.287,79.503,3502
2026-07-16T15:30:00+00:00,79.503,79.654,79.162,79.308,2627
2026-07-16T15:45:00+00:00,79.308,79.429,79.303,79.327,1847
2026-07-16T16:00:00+00:00,79.327,79.689,79.288,79.414,2523
2026-07-16T16:15:00+00:00,79.414,80.047,79.312,79.419,4364
2026-07-16T16:30:00+00:00,79.419,79.434,79.222,79.349,2381
2026-07-16T16:45:00+00:00,79.349,79.404,78.813,78.963,2403
2026-07-16T17:00:00+00:00,78.963,79.224,78.773,79.224,2071
2026-07-16T17:15:00+00:00,79.224,79.234,78.917,78.934,1555
2026-07-16T17:30:00+00:00,78.934,79.102,78.708,79.032,2056
2026-07-16T17:45:00+00:00,79.032,79.084,78.689,78.759,1727
2026-07-16T18:00:00+00:00,78.759,78.857,78.599,78.669,1572
2026-07-16T18:15:00+00:00,78.669,79.053,78.572,78.947,2680
2026-07-16T18:30:00+00:00,78.947,78.969,78.737,78.938,913
2026-07-16T18:45:00+00:00,78.938,79.059,78.867,78.994,746
2026-07-16T19:00:00+00:00,78.994,79.078,78.927,78.969,670
2026-07-16T19:15:00+00:00,78.969,79.008,78.937,78.967,333
2026-07-16T19:30:00+00:00,78.967,79.152,78.967,79.049,498
2026-07-16T19:45:00+00:00,79.049,79.128,79.008,79.048,491
2026-07-16T20:00:00+00:00,79.048,79.093,78.847,79.069,455
2026-07-16T20:15:00+00:00,79.069,79.139,79.052,79.098,327
2026-07-16T20:30:00+00:00,79.098,79.563,79.093,79.432,646
2026-07-16T20:45:00+00:00,79.432,79.664,79.398,79.553,635
2026-07-16T22:00:00+00:00,79.553,79.649,79.468,79.643,231.7517385257302
2026-07-16T22:15:00+00:00,79.643,79.679,79.504,79.579,149
2026-07-16T22:30:00+00:00,79.579,79.649,79.528,79.583,144
2026-07-16T22:45:00+00:00,79.583,79.658,79.553,79.584,117
2026-07-16T23:00:00+00:00,79.584,79.644,79.544,79.643,110
2026-07-16T23:15:00+00:00,79.643,79.669,79.587,79.644,92
2026-07-16T23:30:00+00:00,79.644,79.679,79.583,79.609,120
2026-07-16T23:45:00+00:00,79.609,79.654,79.592,79.654,68
2026-07-17T00:00:00+00:00,79.654,79.654,79.413,79.454,662
2026-07-17T00:15:00+00:00,79.454,79.653,79.399,79.613,506
2026-07-17T00:30:00+00:00,79.613,79.737,79.449,79.732,413
2026-07-17T00:45:00+00:00,79.732,79.769,79.612,79.748,376
2026-07-17T01:00:00+00:00,79.748,80.023,79.637,79.963,1124
2026-07-17T01:15:00+00:00,79.963,80.154,79.922,80.147,696
2026-07-17T01:30:00+00:00,80.147,80.203,79.792,79.884,803
2026-07-17T01:45:00+00:00,79.884,79.959,79.738,79.863,733
2026-07-17T02:00:00+00:00,79.863,79.933,79.787,79.843,509
2026-07-17T02:15:00+00:00,79.843,79.864,79.732,79.743,275
2026-07-17T02:30:00+00:00,79.743,79.744,79.477,79.628,698
2026-07-17T02:45:00+00:00,79.628,79.719,79.414,79.682,1103
2026-07-17T03:00:00+00:00,79.682,79.779,79.634,79.699,470
2026-07-17T03:15:00+00:00,79.699,79.742,79.542,79.737,569
2026-07-17T03:30:00+00:00,79.737,79.809,79.604,79.769,340
2026-07-17T03:45:00+00:00,79.769,79.848,79.718,79.837,272
2026-07-17T04:00:00+00:00,79.837,79.863,79.742,79.853,243
2026-07-17T04:15:00+00:00,79.853,79.943,79.817,79.927,290
2026-07-17T04:30:00+00:00,79.927,79.949,79.823,79.838,195
2026-07-17T04:45:00+00:00,79.838,79.854,79.763,79.848,193
2026-07-17T05:00:00+00:00,79.848,79.864,79.697,79.707,223
2026-07-17T05:15:00+00:00,79.707,79.744,79.592,79.642,267
2026-07-17T05:30:00+00:00,79.642,79.779,78.839,79.029,2436
2026-07-17T05:45:00+00:00,79.029,79.182,78.838,79.089,2298
2026-07-17T06:00:00+00:00,79.089,79.114,78.597,78.798,2150
2026-07-17T06:15:00+00:00,78.798,79.174,78.732,79.138,1127
2026-07-17T06:30:00+00:00,79.138,79.587,79.068,79.422,1296
2026-07-17T06:45:00+00:00,79.422,79.552,79.193,79.333,1139
2026-07-17T07:00:00+00:00,79.333,79.629,79.333,79.557,1152
2026-07-17T07:15:00+00:00,79.557,79.824,79.454,79.699,1337
2026-07-17T07:30:00+00:00,79.699,79.759,79.588,79.607,1094
2026-07-17T07:45:00+00:00,79.607,79.664,79.434,79.477,1113
2026-07-17T08:00:00+00:00,79.477,79.602,79.217,79.532,1608
2026-07-17T08:15:00+00:00,79.532,79.824,79.258,79.807,2711
2026-07-17T08:30:00+00:00,79.807,79.812,79.507,79.677,1503
2026-07-17T08:45:00+00:00,79.677,80.038,79.658,80.023,1318
2026-07-17T09:00:00+00:00,80.023,80.333,79.998,80.168,1869
2026-07-17T09:15:00+00:00,80.168,80.538,80.117,80.492,1417
2026-07-17T09:30:00+00:00,80.492,80.639,80.373,80.452,1449
2026-07-17T09:45:00+00:00,80.452,80.639,80.379,80.502,1208
2026-07-17T10:00:00+00:00,80.502,80.763,80.282,80.709,1396
2026-07-17T10:15:00+00:00,80.709,80.824,80.587,80.592,1011
2026-07-17T10:30:00+00:00,80.592,80.639,80.487,80.528,933
2026-07-17T10:45:00+00:00,80.528,80.789,80.522,80.733,865
2026-07-17T11:00:00+00:00,80.733,80.952,80.667,80.889,891
2026-07-17T11:15:00+00:00,80.889,81.044,80.779,80.789,1079
2026-07-17T11:30:00+00:00,80.789,80.909,80.607,80.652,1037
2026-07-17T11:45:00+00:00,80.652,80.878,80.594,80.864,785
2026-07-17T12:00:00+00:00,80.864,80.892,80.713,80.768,810
2026-07-17T12:15:00+00:00,80.768,80.974,80.739,80.893,1126
2026-07-17T12:30:00+00:00,80.893,81.079,80.867,80.909,1098
2026-07-17T12:45:00+00:00,80.909,81.003,80.673,80.893,1295
2026-07-17T13:00:00+00:00,80.893,81.624,80.847,81.478,3219
2026-07-17T13:15:00+00:00,81.478,81.654,81.299,81.602,2095
2026-07-17T13:30:00+00:00,81.602,81.729,81.259,81.598,2135
2026-07-17T13:45:00+00:00,81.598,81.909,81.537,81.848,1400
2026-07-17T14:00:00+00:00,81.848,81.964,81.612,81.822,1823
2026-07-17T14:15:00+00:00,81.822,81.822,81.508,81.579,1513
2026-07-17T14:30:00+00:00,81.579,81.579,81.209,81.488,1573
2026-07-17T14:45:00+00:00,81.488,81.488,80.873,80.893,1876
2026-07-17T15:00:00+00:00,80.893,81.018,80.483,80.678,2750
2026-07-17T15:15:00+00:00,80.678,81.264,80.678,81.127,2874
2026-07-17T15:30:00+00:00,81.127,81.568,81.022,81.419,2272
2026-07-17T15:45:00+00:00,81.419,81.529,81.289,81.392,1320
2026-07-17T16:00:00+00:00,81.392,82.164,81.332,82.047,2899
2026-07-17T16:15:00+00:00,82.047,82.238,81.904,82.119,1651
2026-07-17T16:30:00+00:00,82.119,82.202,81.952,82.068,1085
2026-07-17T16:45:00+00:00,82.068,82.268,81.922,82.187,1232
2026-07-17T17:00:00+00:00,82.187,82.259,81.988,82.213,1247
2026-07-17T17:15:00+00:00,82.213,82.434,82.154,82.353,1245
2026-07-17T17:30:00+00:00,82.353,82.557,82.213,82.492,1646
2026-07-17T17:45:00+00:00,82.492,82.567,82.348,82.448,1610
2026-07-17T18:00:00+00:00,82.448,82.733,82.288,82.707,2007
2026-07-17T18:15:00+00:00,82.707,82.749,82.352,82.367,3008
2026-07-17T18:30:00+00:00,82.367,82.394,82.059,82.128,1469
2026-07-17T18:45:00+00:00,82.128,82.214,82.083,82.102,713
2026-07-17T19:00:00+00:00,82.102,82.148,82.012,82.084,653
2026-07-17T19:15:00+00:00,82.084,82.169,82.042,82.079,703
2026-07-17T19:30:00+00:00,82.079,82.079,81.787,81.839,909
2026-07-17T19:45:00+00:00,81.839,82.154,81.817,82.123,1290
2026-07-17T20:00:00+00:00,82.123,82.339,82.027,82.227,653
2026-07-17T20:15:00+00:00,82.227,82.469,82.217,82.454,485
2026-07-17T20:30:00+00:00,82.454,82.559,82.323,82.552,894
2026-07-19T22:00:00+00:00,82.552,83.06300000000002,82.41100000000002,82.55600000000001,2735.208770917484
2026-07-19T22:15:00+00:00,82.55600000000001,83.25600000000001,82.47300000000001,83.25600000000001,1387
2026-07-19T22:30:00+00:00,83.25600000000001,83.26800000000001,82.67200000000001,82.76300000000002,1121
2026-07-19T22:45:00+00:00,82.76300000000002,82.83300000000001,82.68100000000001,82.69200000000002,643
2026-07-19T23:00:00+00:00,82.69200000000002,82.85800000000002,82.62100000000001,82.77300000000001,643
2026-07-19T23:15:00+00:00,82.77300000000001,82.78300000000002,82.48300000000002,82.64800000000001,557
2026-07-19T23:30:00+00:00,82.64800000000001,82.66800000000002,82.42200000000001,82.64800000000001,459
2026-07-19T23:45:00+00:00,82.64800000000001,82.70800000000001,82.49100000000001,82.53300000000002,512
2026-07-20T00:00:00+00:00,82.53300000000002,82.57600000000002,82.20200000000001,82.31800000000001,1159
2026-07-20T00:15:00+00:00,82.31800000000001,82.41100000000002,82.23100000000002,82.38600000000001,1098
2026-07-20T00:30:00+00:00,82.38600000000001,82.45800000000001,82.18800000000002,82.35200000000002,711
2026-07-20T00:45:00+00:00,82.35200000000002,82.40700000000001,82.21800000000002,82.23800000000001,721
2026-07-20T01:00:00+00:00,82.23800000000001,82.34300000000002,82.02100000000002,82.29600000000002,3591
2026-07-20T01:15:00+00:00,82.29600000000002,82.33600000000001,82.04800000000002,82.22100000000002,1982
2026-07-20T01:30:00+00:00,82.22100000000002,82.43800000000002,82.14100000000002,82.42100000000002,1420
2026-07-20T01:45:00+00:00,82.42100000000002,82.49800000000002,82.25700000000002,82.34600000000002,1829
2026-07-20T02:00:00+00:00,82.34600000000002,82.50600000000001,82.08100000000002,82.44600000000001,1509
2026-07-20T02:15:00+00:00,82.44600000000001,82.46300000000002,82.23200000000001,82.25300000000001,579
2026-07-20T02:30:00+00:00,82.25300000000001,82.32800000000002,81.97300000000001,82.16700000000002,1701
2026-07-20T02:45:00+00:00,82.16700000000002,82.20300000000002,81.95600000000002,81.98100000000002,1469
2026-07-20T03:00:00+00:00,81.98100000000002,82.16300000000001,81.96100000000001,82.14300000000001,885
2026-07-20T03:15:00+00:00,82.14300000000001,82.29200000000002,82.06300000000002,82.17100000000002,831
2026-07-20T03:30:00+00:00,82.17100000000002,82.30700000000002,82.15600000000002,82.24300000000001,436
2026-07-20T03:45:00+00:00,82.24300000000001,82.31700000000002,82.20300000000002,82.29200000000002,245
2026-07-20T04:00:00+00:00,82.29200000000002,82.43800000000002,82.25600000000001,82.41100000000002,329
2026-07-20T04:15:00+00:00,82.41100000000002,82.41100000000002,82.33100000000002,82.34100000000002,223
2026-07-20T04:30:00+00:00,82.34100000000002,82.34700000000002,82.12300000000002,82.15300000000002,465
2026-07-20T04:45:00+00:00,82.15300000000002,82.31800000000001,82.12700000000001,82.20800000000001,369
2026-07-20T05:00:00+00:00,82.20800000000001,82.22800000000002,82.08700000000002,82.12600000000002,365
2026-07-20T05:15:00+00:00,82.12600000000002,82.35800000000002,82.11200000000002,82.35300000000002,636
2026-07-20T05:30:00+00:00,82.35300000000002,82.43300000000002,82.14200000000001,82.39800000000001,1348
2026-07-20T05:45:00+00:00,82.39800000000001,82.50600000000001,82.31100000000002,82.45300000000002,1246
2026-07-20T06:00:00+00:00,82.45300000000002,82.76300000000002,82.45300000000002,82.64800000000001,1539
2026-07-20T06:15:00+00:00,82.64800000000001,82.84800000000001,82.37600000000002,82.45700000000002,1812
2026-07-20T06:30:00+00:00,82.45700000000002,82.76800000000001,82.42700000000002,82.53600000000002,1601
2026-07-20T06:45:00+00:00,82.53600000000002,82.63300000000001,82.36700000000002,82.58100000000002,1666
2026-07-20T07:00:00+00:00,82.58100000000002,82.82300000000002,82.32100000000001,82.63700000000001,1818
2026-07-20T07:15:00+00:00,82.63700000000001,82.67800000000001,81.75300000000001,81.82700000000001,3275
2026-07-20T07:30:00+00:00,81.82700000000001,81.87600000000002,80.82200000000002,80.83300000000001,5200
2026-07-20T07:45:00+00:00,80.83300000000001,81.23300000000002,80.68600000000002,80.78100000000002,3917
2026-07-20T08:00:00+00:00,80.78100000000002,80.78100000000002,80.19100000000002,80.29700000000001,3588
2026-07-20T08:15:00+00:00,80.29700000000001,80.34700000000002,79.92200000000001,80.14700000000002,4540
2026-07-20T08:30:00+00:00,80.14700000000002,80.22300000000001,79.83100000000002,80.19700000000002,3392
2026-07-20T08:45:00+00:00,80.19700000000002,80.21700000000001,79.77300000000001,80.09600000000002,2904
2026-07-20T09:00:00+00:00,80.09600000000002,80.24800000000002,79.98100000000002,80.01300000000002,2509
2026-07-20T09:15:00+00:00,80.01300000000002,80.01700000000001,79.66700000000002,79.87600000000002,2240
2026-07-20T09:30:00+00:00,79.87600000000002,79.87800000000001,79.53200000000001,79.74600000000001,2235
2026-07-20T09:45:00+00:00,79.74600000000001,79.95800000000001,79.70200000000001,79.79700000000001,2051
2026-07-20T10:00:00+00:00,79.79700000000001,80.10300000000002,79.75200000000001,80.01800000000001,1844
2026-07-20T10:15:00+00:00,80.01800000000001,80.05200000000002,79.82100000000001,80.04600000000002,1299
2026-07-20T10:30:00+00:00,80.04600000000002,80.33200000000002,80.01100000000001,80.24200000000002,1527
2026-07-20T10:45:00+00:00,80.24200000000002,80.40800000000002,80.20800000000001,80.20800000000001,1350
2026-07-20T11:00:00+00:00,80.20800000000001,80.26800000000001,79.97100000000002,80.26200000000001,1965
2026-07-20T11:15:00+00:00,80.26200000000001,80.29800000000002,80.08800000000002,80.16600000000001,1178
2026-07-20T11:30:00+00:00,80.16600000000001,80.16800000000002,78.19100000000002,78.35300000000002,10773
2026-07-20T11:45:00+00:00,78.35300000000002,79.08300000000001,78.35300000000002,78.85700000000001,3708
2026-07-20T12:00:00+00:00,78.85700000000001,80.28300000000002,78.83200000000002,80.01100000000001,7286
2026-07-20T12:15:00+00:00,80.01100000000001,80.54700000000001,79.95700000000002,80.41100000000002,2684
2026-07-20T12:30:00+00:00,80.41100000000002,80.69800000000002,80.26100000000001,80.60200000000002,3018
2026-07-20T12:45:00+00:00,80.60200000000002,80.73100000000002,80.15100000000001,80.46700000000001,3892
2026-07-20T13:00:00+00:00,80.46700000000001,80.57100000000001,80.03100000000002,80.33300000000001,5088
2026-07-20T13:15:00+00:00,80.33300000000001,80.35300000000002,79.74700000000001,79.92600000000002,3860
2026-07-20T13:30:00+00:00,79.92600000000002,80.07700000000001,79.68600000000002,80.02800000000002,3638
2026-07-20T13:45:00+00:00,80.02800000000002,80.37200000000001,79.94600000000001,80.30300000000001,3158
2026-07-20T14:00:00+00:00,80.30300000000001,80.59800000000001,80.10100000000001,80.58300000000001,2955
2026-07-20T14:15:00+00:00,80.58300000000001,80.62700000000001,80.07600000000002,80.12800000000001,2902
2026-07-20T14:30:00+00:00,80.12800000000001,80.33300000000001,79.88800000000002,80.05800000000002,2854
2026-07-20T14:45:00+00:00,80.05800000000002,80.68300000000002,80.03300000000002,80.60600000000002,3005
2026-07-20T15:00:00+00:00,80.60600000000002,80.71200000000002,79.72600000000001,80.05300000000001,5117
2026-07-20T15:15:00+00:00,80.05300000000001,80.36300000000001,79.95100000000002,80.00600000000001,3708
2026-07-20T15:30:00+00:00,80.00600000000001,80.24600000000001,79.87300000000002,80.09800000000001,2829
2026-07-20T15:45:00+00:00,80.09800000000001,80.25100000000002,80.03700000000002,80.17800000000001,1849
2026-07-20T16:00:00+00:00,80.17800000000001,80.19800000000002,79.79200000000002,80.02200000000002,1784
2026-07-20T16:15:00+00:00,80.02200000000002,80.22200000000002,79.84700000000002,80.21800000000002,1530
2026-07-20T16:30:00+00:00,80.21800000000002,81.03300000000002,80.21100000000001,80.46200000000002,4096
2026-07-20T16:45:00+00:00,80.46200000000002,80.58100000000002,80.16200000000002,80.50100000000002,2572
2026-07-20T17:00:00+00:00,80.50100000000002,80.54800000000002,80.27700000000002,80.38700000000001,1833
2026-07-20T17:15:00+00:00,80.38700000000001,80.66700000000002,80.34100000000002,80.41200000000002,1690
2026-07-20T17:30:00+00:00,80.41200000000002,80.90600000000002,80.41200000000002,80.73100000000002,2188
2026-07-20T17:45:00+00:00,80.73100000000002,80.99200000000002,80.63100000000001,80.85100000000001,2343
2026-07-20T18:00:00+00:00,80.85100000000001,80.86700000000002,80.46100000000001,80.53600000000002,2210
2026-07-20T18:15:00+00:00,80.53600000000002,81.26800000000001,80.53100000000002,81.23700000000002,3383
2026-07-20T18:30:00+00:00,81.23700000000002,81.53700000000002,81.20300000000002,81.52100000000002,1703
2026-07-20T18:45:00+00:00,81.52100000000002,81.77600000000001,81.40200000000002,81.53300000000002,1622
2026-07-20T19:00:00+00:00,81.53300000000002,81.73700000000002,81.40100000000001,81.41300000000001,1033
2026-07-20T19:15:00+00:00,81.41300000000001,81.45300000000002,80.93200000000002,81.05200000000002,1304
2026-07-20T19:30:00+00:00,81.05200000000002,81.10200000000002,80.70300000000002,80.99200000000002,2526
2026-07-20T19:45:00+00:00,80.99200000000002,81.04800000000002,80.83100000000002,80.89300000000001,1177
2026-07-20T20:00:00+00:00,80.89300000000001,80.96300000000002,80.83200000000002,80.89100000000002,524
2026-07-20T20:15:00+00:00,80.89100000000002,81.04300000000002,80.89100000000002,80.98200000000001,698
2026-07-20T20:30:00+00:00,80.98200000000001,81.06700000000002,80.97100000000002,80.99100000000001,614
2026-07-20T20:45:00+00:00,80.99100000000001,81.02700000000002,80.89200000000001,80.96200000000002,475
2026-07-20T22:00:00+00:00,80.96200000000002,80.97800000000002,80.38700000000001,80.45800000000003,322.33945271908556
2026-07-20T22:15:00+00:00,80.45800000000003,80.57200000000002,80.45700000000002,80.51400000000002,117
2026-07-20T22:30:00+00:00,80.51400000000002,80.59200000000003,80.44300000000003,80.50700000000002,225
2026-07-20T22:45:00+00:00,80.50700000000002,80.60400000000003,80.50700000000002,80.56200000000003,141
2026-07-20T23:00:00+00:00,80.56200000000003,80.65400000000002,80.48400000000002,80.52800000000002,178
2026-07-20T23:15:00+00:00,80.52800000000002,82.519,80.44700000000002,82.499,112
2026-07-20T23:30:00+00:00,82.499,82.594,82.497,82.572,79
2026-07-20T23:45:00+00:00,82.572,82.589,82.417,82.473,131
2026-07-21T00:00:00+00:00,82.473,82.509,82.302,82.418,638
2026-07-21T00:15:00+00:00,82.418,82.527,82.369,82.512,484
2026-07-21T00:30:00+00:00,82.512,82.529,82.374,82.437,339
2026-07-21T00:45:00+00:00,82.437,82.499,82.388,82.484,255
2026-07-21T01:00:00+00:00,82.484,82.519,81.993,82.114,2147
2026-07-21T01:15:00+00:00,82.114,82.184,81.934,82.139,1195
2026-07-21T01:30:00+00:00,82.139,82.318,82.087,82.202,947
2026-07-21T01:45:00+00:00,82.202,82.447,82.192,82.403,798
2026-07-21T02:00:00+00:00,82.403,82.414,82.202,82.309,622
2026-07-21T02:15:00+00:00,82.309,82.377,82.212,82.348,300
2026-07-21T02:30:00+00:00,82.348,82.498,82.298,82.449,707
2026-07-21T02:45:00+00:00,82.449,82.518,82.107,82.133,756
2026-07-21T03:00:00+00:00,82.133,82.378,82.082,82.358,835
2026-07-21T03:15:00+00:00,82.358,82.363,82.214,82.268,488
2026-07-21T03:30:00+00:00,82.268,82.268,82.117,82.207,462
2026-07-21T03:45:00+00:00,82.207,82.303,82.137,82.157,391
2026-07-21T04:00:00+00:00,82.157,82.163,81.903,82.032,489
2026-07-21T04:15:00+00:00,82.032,82.173,82.022,82.128,299
2026-07-21T04:30:00+00:00,82.128,82.229,82.093,82.128,206
2026-07-21T04:45:00+00:00,82.128,82.139,82.062,82.113,201
2026-07-21T05:00:00+00:00,82.113,82.388,82.082,82.277,498
2026-07-21T05:15:00+00:00,82.277,82.327,82.227,82.308,292
2026-07-21T05:30:00+00:00,82.308,82.319,81.972,82.053,1052
2026-07-21T05:45:00+00:00,82.053,82.147,81.797,82.032,1399
2026-07-21T06:00:00+00:00,82.032,82.229,82.014,82.133,1402
2026-07-21T06:15:00+00:00,82.133,82.143,81.908,81.919,1521
2026-07-21T06:30:00+00:00,81.919,82.094,81.887,82.024,1469
2026-07-21T06:45:00+00:00,82.024,82.299,82.018,82.297,1409
2026-07-21T07:00:00+00:00,82.297,82.643,82.232,82.588,1627
2026-07-21T07:15:00+00:00,82.588,82.869,82.587,82.857,1646
2026-07-21T07:30:00+00:00,82.857,83.024,82.099,82.219,2546
2026-07-21T07:45:00+00:00,82.219,82.262,81.873,81.884,2331
2026-07-21T08:00:00+00:00,81.884,81.984,81.419,81.509,3230
2026-07-21T08:15:00+00:00,81.509,82.042,81.377,81.922,3618
2026-07-21T08:30:00+00:00,81.922,82.164,81.868,81.938,2492
2026-07-21T08:45:00+00:00,81.938,82.424,81.938,82.229,2028
2026-07-21T09:00:00+00:00,82.229,82.289,81.933,82.109,1662
2026-07-21T09:15:00+00:00,82.109,82.919,82.069,82.903,2071
2026-07-21T09:30:00+00:00,82.903,83.039,82.612,82.969,2473
2026-07-21T09:45:00+00:00,82.969,83.354,82.798,83.244,2246
2026-07-21T10:00:00+00:00,83.244,83.244,82.284,82.673,4165
2026-07-21T10:15:00+00:00,82.673,83.033,82.673,82.853,2673
2026-07-21T10:30:00+00:00,82.853,82.948,82.658,82.857,2074
2026-07-21T10:45:00+00:00,82.857,83.359,82.857,83.244,3222
2026-07-21T11:00:00+00:00,83.244,83.558,83.184,83.469,2361
2026-07-21T11:15:00+00:00,83.469,83.704,83.424,83.617,1873
2026-07-21T11:30:00+00:00,83.617,83.902,83.477,83.709,2319
2026-07-21T11:45:00+00:00,83.709,83.984,83.677,83.857,1833
2026-07-21T12:00:00+00:00,83.857,83.857,83.317,83.549,2724
2026-07-21T12:15:00+00:00,83.549,84.129,83.527,84.092,3272
2026-07-21T12:30:00+00:00,84.092,84.397,83.937,84.084,3126
2026-07-21T12:45:00+00:00,84.084,84.192,83.917,84.117,3152
2026-07-21T13:00:00+00:00,84.117,84.534,84.053,84.362,4295
2026-07-21T13:15:00+00:00,84.362,84.644,84.183,84.587,3136
2026-07-21T13:30:00+00:00,84.587,84.919,84.269,84.807,3829
2026-07-21T13:45:00+00:00,84.807,84.888,84.303,84.372,2897
2026-07-21T14:00:00+00:00,84.372,84.569,84.178,84.448,2894
2026-07-21T14:15:00+00:00,84.448,84.662,84.178,84.603,2936
2026-07-21T14:30:00+00:00,84.603,85.008,84.518,84.549,2975
2026-07-21T14:45:00+00:00,84.549,84.713,84.074,84.699,4317
2026-07-21T15:00:00+00:00,84.699,84.823,84.169,84.187,3106
2026-07-21T15:15:00+00:00,84.187,84.574,83.728,84.537,5772
2026-07-21T15:30:00+00:00,84.537,84.749,84.332,84.702,3438
2026-07-21T15:45:00+00:00,84.702,84.769,84.468,84.493,2230
2026-07-21T16:00:00+00:00,84.493,84.529,84.078,84.247,2500
2026-07-21T16:15:00+00:00,84.247,84.427,84.139,84.312,1981
2026-07-21T16:30:00+00:00,84.312,84.473,84.168,84.452,1684
2026-07-21T16:45:00+00:00,84.452,84.544,84.323,84.372,1319
2026-07-21T17:00:00+00:00,84.372,84.478,84.017,84.079,1428
2026-07-21T17:15:00+00:00,84.079,84.273,84.079,84.178,1165
2026-07-21T17:30:00+00:00,84.178,84.478,84.169,84.397,1156
2026-07-21T17:45:00+00:00,84.397,84.484,84.253,84.337,1316
2026-07-21T18:00:00+00:00,84.337,84.344,83.949,84.177,2399
2026-07-21T18:15:00+00:00,84.177,84.378,84.088,84.352,2728
2026-07-21T18:30:00+00:00,84.352,84.549,84.098,84.143,1402
2026-07-21T18:45:00+00:00,84.143,84.504,84.123,84.499,925
2026-07-21T19:00:00+00:00,84.499,84.669,84.432,84.643,828
2026-07-21T19:15:00+00:00,84.643,84.663,84.497,84.619,802
2026-07-21T19:30:00+00:00,84.619,84.698,84.512,84.642,707
2026-07-21T19:45:00+00:00,84.642,84.739,84.613,84.637,715
2026-07-21T20:00:00+00:00,84.637,84.719,84.477,84.499,515
2026-07-21T20:15:00+00:00,84.499,84.549,84.457,84.489,427
2026-07-21T20:30:00+00:00,84.489,84.543,84.304,84.358,567
2026-07-21T20:45:00+00:00,84.358,84.554,84.343,84.538,569
2026-07-21T22:00:00+00:00,84.538,84.664,84.538,84.623,171.70612980769232
2026-07-21T22:15:00+00:00,84.623,84.662,84.592,84.633,92
2026-07-21T22:30:00+00:00,84.633,84.773,84.627,84.734,127
2026-07-21T22:45:00+00:00,84.734,84.734,84.677,84.699,83
2026-07-21T23:00:00+00:00,84.699,84.699,84.642,84.697,75
2026-07-21T23:15:00+00:00,84.697,84.704,84.628,84.674,83
2026-07-21T23:30:00+00:00,84.674,84.892,84.639,84.827,170
2026-07-21T23:45:00+00:00,84.827,84.878,84.767,84.768,179
2026-07-22T00:00:00+00:00,84.768,84.768,84.527,84.672,844
2026-07-22T00:15:00+00:00,84.672,84.733,84.603,84.702,518
2026-07-22T00:30:00+00:00,84.702,84.704,84.452,84.673,665
2026-07-22T00:45:00+00:00,84.673,84.798,84.597,84.639,547
2026-07-22T01:00:00+00:00,84.639,85.279,84.559,85.237,2484
2026-07-22T01:15:00+00:00,85.237,85.729,85.164,85.459,2272
2026-07-22T01:30:00+00:00,85.459,85.709,85.424,85.633,1488
2026-07-22T01:45:00+00:00,85.633,85.724,85.477,85.579,1389
2026-07-22T02:00:00+00:00,85.579,85.628,85.244,85.252,1616
2026-07-22T02:15:00+00:00,85.252,85.289,85.152,85.268,881
2026-07-22T02:30:00+00:00,85.268,85.273,84.898,84.993,1721
2026-07-22T02:45:00+00:00,84.993,85.228,84.972,85.042,1244
2026-07-22T03:00:00+00:00,85.042,85.289,85.022,85.203,955
2026-07-22T03:15:00+00:00,85.203,85.252,85.087,85.157,967
2026-07-22T03:30:00+00:00,85.157,85.249,85.127,85.173,546
2026-07-22T03:45:00+00:00,85.173,85.333,85.162,85.328,389
2026-07-22T04:00:00+00:00,85.328,85.358,85.203,85.358,445
2026-07-22T04:15:00+00:00,85.358,85.404,85.247,85.247,542
2026-07-22T04:30:00+00:00,85.247,85.438,85.227,85.379,532
2026-07-22T04:45:00+00:00,85.379,85.418,85.337,85.412,463
2026-07-22T05:00:00+00:00,85.412,85.523,85.382,85.514,414
2026-07-22T05:15:00+00:00,85.514,85.539,85.328,85.378,515
2026-07-22T05:30:00+00:00,85.378,85.442,85.098,85.118,1683
2026-07-22T05:45:00+00:00,85.118,85.178,85.007,85.129,1468
2026-07-22T06:00:00+00:00,85.129,85.343,85.029,85.223,1780
2026-07-22T06:15:00+00:00,85.223,86.123,85.218,86.012,2921
2026-07-22T06:30:00+00:00,86.012,86.119,85.882,85.988,1946
2026-07-22T06:45:00+00:00,85.988,86.364,85.988,86.119,2262
2026-07-22T07:00:00+00:00,86.119,86.689,86.104,86.452,2472
2026-07-22T07:15:00+00:00,86.452,86.777,86.362,86.729,2288
2026-07-22T07:30:00+00:00,86.729,87.803,86.668,87.529,4482
2026-07-22T07:45:00+00:00,87.529,87.839,87.417,87.678,3868
2026-07-22T08:00:00+00:00,87.678,87.699,87.182,87.402,3551
2026-07-22T08:15:00+00:00,87.402,87.474,87.128,87.358,4701
2026-07-22T08:30:00+00:00,87.358,87.639,87.134,87.582,3463
2026-07-22T08:45:00+00:00,87.582,87.778,87.453,87.602,2461
2026-07-22T09:00:00+00:00,87.602,87.918,87.319,87.868,3627
2026-07-22T09:15:00+00:00,87.868,88.064,87.837,87.992,3408
2026-07-22T09:30:00+00:00,87.992,88.234,87.783,87.993,3534
2026-07-22T09:45:00+00:00,87.993,88.594,87.907,88.428,3412
2026-07-22T10:00:00+00:00,88.428,88.442,87.799,87.823,3215
2026-07-22T10:15:00+00:00,87.823,87.824,86.903,86.978,4916
2026-07-22T10:30:00+00:00,86.978,87.393,86.903,87.308,3907
2026-07-22T10:45:00+00:00,87.308,87.413,87.002,87.159,2521
2026-07-22T11:00:00+00:00,87.159,87.429,87.154,87.228,2041
2026-07-22T11:15:00+00:00,87.228,87.477,87.222,87.387,1919
2026-07-22T11:30:00+00:00,87.387,87.823,87.004,87.613,3926
2026-07-22T11:45:00+00:00,87.613,87.663,87.122,87.333,2836
2026-07-22T12:00:00+00:00,87.333,87.534,87.029,87.038,2415
2026-07-22T12:15:00+00:00,87.038,87.119,86.722,86.768,2780
2026-07-22T12:30:00+00:00,86.768,86.814,86.532,86.699,2423
2026-07-22T12:45:00+00:00,86.699,87.664,86.667,87.208,4493
2026-07-22T13:00:00+00:00,87.208,87.353,86.958,87.044,4487
2026-07-22T13:15:00+00:00,87.044,87.108,86.134,86.339,5323
2026-07-22T13:30:00+00:00,86.339,86.824,86.153,86.814,3632
2026-07-22T13:45:00+00:00,86.814,86.988,86.463,86.932,3368
2026-07-22T14:00:00+00:00,86.932,87.119,86.714,87.102,2735
2026-07-22T14:15:00+00:00,87.102,87.147,86.887,87.088,2398
2026-07-22T14:30:00+00:00,87.088,87.123,86.484,86.553,3400
2026-07-22T14:45:00+00:00,86.553,86.919,86.407,86.689,3295
2026-07-22T15:00:00+00:00,86.689,87.303,86.632,87.017,2671
2026-07-22T15:15:00+00:00,87.017,87.069,86.548,86.778,3638
2026-07-22T15:30:00+00:00,86.778,86.859,86.157,86.199,3367
2026-07-22T15:45:00+00:00,86.199,86.253,85.767,86.003,3338
2026-07-22T16:00:00+00:00,86.003,86.324,85.908,86.252,2329
2026-07-22T16:15:00+00:00,86.252,86.403,86.088,86.387,1650
2026-07-22T16:30:00+00:00,86.387,86.528,86.338,86.384,1512
2026-07-22T16:45:00+00:00,86.384,86.393,86.099,86.298,1499
2026-07-22T17:00:00+00:00,86.298,86.678,86.298,86.647,1618
2026-07-22T17:15:00+00:00,86.647,86.898,86.602,86.703,1660
2026-07-22T17:30:00+00:00,86.703,86.919,86.648,86.768,1410
2026-07-22T17:45:00+00:00,86.768,86.899,86.709,86.794,1286
2026-07-22T18:00:00+00:00,86.794,86.989,86.627,86.754,1854
2026-07-22T18:15:00+00:00,86.754,87.054,86.743,86.832,3136
2026-07-22T18:30:00+00:00,86.832,87.074,86.832,87.037,1427
2026-07-22T18:45:00+00:00,87.037,87.059,86.918,87.043,739
2026-07-22T19:00:00+00:00,87.043,87.139,87.027,87.134,620
2026-07-22T19:15:00+00:00,87.134,87.139,86.862,86.869,737
2026-07-22T19:30:00+00:00,86.869,86.889,86.647,86.673,586
2026-07-22T19:45:00+00:00,86.673,86.683,86.438,86.497,1099
2026-07-22T20:00:00+00:00,86.497,86.514,86.209,86.413,1505
2026-07-22T20:15:00+00:00,86.413,86.449,86.362,86.384,665
2026-07-22T20:30:00+00:00,86.384,86.652,86.353,86.523,1080
2026-07-22T20:45:00+00:00,86.523,86.539,86.359,86.469,836
2026-07-22T22:00:00+00:00,86.469,88.433,86.469,88.31400000000001,1155.0836860177274
2026-07-22T22:15:00+00:00,88.31400000000001,88.36800000000001,88.099,88.284,506
2026-07-22T22:30:00+00:00,88.284,88.459,88.14800000000001,88.199,497
2026-07-22T22:45:00+00:00,88.199,88.2,87.918,88.065,354
2026-07-22T23:00:00+00:00,88.065,88.108,87.94800000000001,87.998,258
2026-07-22T23:15:00+00:00,87.998,88.078,87.89,87.89,198
2026-07-22T23:30:00+00:00,87.89,88.07300000000001,87.84400000000001,87.97800000000001,178
2026-07-22T23:45:00+00:00,87.97800000000001,87.97800000000001,87.85300000000001,87.924,195
2026-07-23T00:00:00+00:00,87.924,88.498,87.483,88.259,2134
2026-07-23T00:15:00+00:00,88.259,88.31,87.92800000000001,88.14800000000001,870
2026-07-23T00:30:00+00:00,88.14800000000001,88.385,88.098,88.203,837
2026-07-23T00:45:00+00:00,88.203,88.203,87.92500000000001,88.083,762
2026-07-23T01:00:00+00:00,88.083,88.245,87.935,88.055,2751
2026-07-23T01:15:00+00:00,88.055,88.63900000000001,88.048,88.583,1617
2026-07-23T01:30:00+00:00,88.583,88.74000000000001,88.04400000000001,88.11800000000001,1947
2026-07-23T01:45:00+00:00,88.11800000000001,88.35000000000001,88.08500000000001,88.21300000000001,1420
2026-07-23T02:00:00+00:00,88.21300000000001,88.345,88.15400000000001,88.194,1410
2026-07-23T02:15:00+00:00,88.194,88.348,88.17,88.313,484
2026-07-23T02:30:00+00:00,88.313,88.384,88.153,88.348,972
2026-07-23T02:45:00+00:00,88.348,88.583,88.32300000000001,88.363,1048
2026-07-23T03:00:00+00:00,88.363,88.66900000000001,88.313,88.668,980
2026-07-23T03:15:00+00:00,88.668,88.784,88.53500000000001,88.60000000000001,1065
2026-07-23T03:30:00+00:00,88.60000000000001,88.635,88.458,88.468,500
2026-07-23T03:45:00+00:00,88.468,88.644,88.42800000000001,88.513,508
2026-07-23T04:00:00+00:00,88.513,88.58,88.408,88.479,501
2026-07-23T04:15:00+00:00,88.479,88.495,88.21300000000001,88.25,550
2026-07-23T04:30:00+00:00,88.25,88.385,88.043,88.244,713
2026-07-23T04:45:00+00:00,88.244,88.36800000000001,88.18400000000001,88.24000000000001,420
2026-07-23T05:00:00+00:00,88.24000000000001,88.519,88.224,88.369,613
2026-07-23T05:15:00+00:00,88.369,88.385,88.108,88.108,476
2026-07-23T05:30:00+00:00,88.108,88.173,87.768,88.089,2264
2026-07-23T05:45:00+00:00,88.089,88.485,88.08500000000001,88.4,1266
2026-07-23T06:00:00+00:00,88.4,88.42,88.113,88.15400000000001,1542
2026-07-23T06:15:00+00:00,88.15400000000001,88.40400000000001,88.043,88.36500000000001,1393
2026-07-23T06:30:00+00:00,88.36500000000001,88.69500000000001,88.333,88.665,1765
2026-07-23T06:45:00+00:00,88.665,88.89,88.473,88.74300000000001,1968
2026-07-23T07:00:00+00:00,88.74300000000001,89.46300000000001,88.708,89.32300000000001,3035
2026-07-23T07:15:00+00:00,89.32300000000001,89.715,89.233,89.34,2906
2026-07-23T07:30:00+00:00,89.34,89.833,89.333,89.75,2549
2026-07-23T07:45:00+00:00,89.75,89.95,89.23400000000001,89.42500000000001,3628
2026-07-23T08:00:00+00:00,89.42500000000001,89.635,89.034,89.364,2942
2026-07-23T08:15:00+00:00,89.364,89.605,89.238,89.34400000000001,4139
2026-07-23T08:30:00+00:00,89.34400000000001,89.83800000000001,89.33800000000001,89.78800000000001,3190
2026-07-23T08:45:00+00:00,89.78800000000001,89.83,89.349,89.62400000000001,2533
2026-07-23T09:00:00+00:00,89.62400000000001,90.165,89.35300000000001,90.165,3439
2026-07-23T09:15:00+00:00,90.165,90.465,90.068,90.275,2471
2026-07-23T09:30:00+00:00,90.275,90.415,89.933,90.01400000000001,3042
2026-07-23T09:45:00+00:00,90.01400000000001,90.44500000000001,89.96900000000001,90.325,2795
2026-07-23T10:00:00+00:00,90.325,90.464,89.97800000000001,90.19800000000001,2182
2026-07-23T10:15:00+00:00,90.19800000000001,90.699,90.134,90.664,2339
2026-07-23T10:30:00+00:00,90.664,90.83,90.293,90.343,2466
2026-07-23T10:45:00+00:00,90.343,90.515,90.22500000000001,90.238,1958
2026-07-23T11:00:00+00:00,90.238,90.73,90.21900000000001,90.494,1895
2026-07-23T11:15:00+00:00,90.494,90.99000000000001,90.443,90.819,2136
2026-07-23T11:30:00+00:00,90.819,91.259,90.64500000000001,91.03800000000001,2251
2026-07-23T11:45:00+00:00,91.03800000000001,91.04,90.418,90.793,2653
2026-07-23T12:00:00+00:00,90.793,91.084,90.64800000000001,91.063,2194
2026-07-23T12:15:00+00:00,91.063,91.48,90.763,90.955,3993
2026-07-23T12:30:00+00:00,90.955,91.114,90.62400000000001,91.034,3690
2026-07-23T12:45:00+00:00,91.034,91.33800000000001,90.745,90.938,3962
2026-07-23T13:00:00+00:00,90.938,91.60300000000001,90.885,91.47,5425
2026-07-23T13:15:00+00:00,91.47,91.7,90.799,91.07000000000001,4954
2026-07-23T13:30:00+00:00,91.07000000000001,91.664,90.85300000000001,91.664,4240
2026-07-23T13:45:00+00:00,91.664,92.003,91.563,91.83800000000001,3846
2026-07-23T14:00:00+00:00,91.83800000000001,92.063,91.49900000000001,91.57000000000001,4207
2026-07-23T14:15:00+00:00,91.57000000000001,91.953,91.095,91.854,3410
2026-07-23T14:30:00+00:00,91.854,92.108,91.424,91.759,3615
2026-07-23T14:45:00+00:00,91.759,92.27000000000001,91.71300000000001,92.00800000000001,3455
2026-07-23T15:00:00+00:00,92.00800000000001,92.54400000000001,91.85000000000001,92.20400000000001,4246
2026-07-23T15:15:00+00:00,92.20400000000001,92.885,92.093,92.599,5609
2026-07-23T15:30:00+00:00,92.599,92.885,91.93400000000001,92.179,4768
2026-07-23T15:45:00+00:00,92.179,92.244,91.899,91.964,3784
2026-07-23T16:00:00+00:00,91.964,92.47500000000001,91.709,91.91900000000001,4066
2026-07-23T16:15:00+00:00,91.91900000000001,92.21000000000001,91.91900000000001,92,2571
2026-07-23T16:30:00+00:00,92,92.674,91.97800000000001,92.48400000000001,2877
2026-07-23T16:45:00+00:00,92.48400000000001,92.63900000000001,92.33500000000001,92.43400000000001,1724
2026-07-23T17:00:00+00:00,92.43400000000001,92.84400000000001,92.42,92.664,2629
2026-07-23T17:15:00+00:00,92.664,92.894,92.638,92.688,2396
2026-07-23T17:30:00+00:00,92.688,93.22500000000001,92.66300000000001,93.224,2467
2026-07-23T17:45:00+00:00,93.224,93.384,92.99900000000001,93.349,3055
2026-07-23T18:00:00+00:00,93.349,93.60000000000001,93.194,93.28,3397
2026-07-23T18:15:00+00:00,93.28,93.35000000000001,92.123,92.2,6291
2026-07-23T18:30:00+00:00,92.2,92.305,92.049,92.10300000000001,3185
2026-07-23T18:45:00+00:00,92.10300000000001,92.45400000000001,92.07900000000001,92.15400000000001,1469
2026-07-23T19:00:00+00:00,92.15400000000001,92.15400000000001,91.739,91.795,2172
2026-07-23T19:15:00+00:00,91.795,92.02000000000001,91.66000000000001,91.72800000000001,1365
2026-07-23T19:30:00+00:00,91.72800000000001,91.89800000000001,91.325,91.824,2487
2026-07-23T19:45:00+00:00,91.824,91.964,91.52900000000001,91.71300000000001,1631
2026-07-23T20:00:00+00:00,91.71300000000001,91.763,91.53800000000001,91.67800000000001,1188
2026-07-23T20:15:00+00:00,91.67800000000001,92.194,91.65400000000001,92.025,1257
2026-07-23T20:30:00+00:00,92.025,92.44,91.909,92.32000000000001,1113
2026-07-23T20:45:00+00:00,92.32000000000001,92.52000000000001,92.315,92.48400000000001,1025
2026-07-23T22:00:00+00:00,92.48400000000001,92.72900000000001,92.26800000000001,92.358,491.3834743434787
2026-07-23T22:15:00+00:00,92.358,92.37800000000001,92.22200000000001,92.272,274
2026-07-23T22:30:00+00:00,92.272,92.307,92.15200000000002,92.16400000000002,185
2026-07-23T22:45:00+00:00,92.16400000000002,92.25200000000001,92.15400000000001,92.182,133
2026-07-23T23:00:00+00:00,92.182,92.304,92.182,92.28300000000002,138
2026-07-23T23:15:00+00:00,92.28300000000002,92.29400000000001,92.23800000000001,92.239,122
2026-07-23T23:30:00+00:00,92.239,92.62400000000001,92.15700000000001,92.27900000000001,381
2026-07-23T23:45:00+00:00,92.27900000000001,92.40400000000001,92.168,92.37400000000001,366
2026-07-24T00:00:00+00:00,92.37400000000001,92.867,92.28800000000001,92.78900000000002,1590
2026-07-24T00:15:00+00:00,92.78900000000002,92.91300000000001,92.27900000000001,92.343,1426
2026-07-24T00:30:00+00:00,92.343,92.44900000000001,92.224,92.23400000000001,713
2026-07-24T00:45:00+00:00,92.23400000000001,92.28900000000002,91.99700000000001,92.004,744
2026-07-24T01:00:00+00:00,92.004,92.004,91.557,91.63300000000001,3597
2026-07-24T01:15:00+00:00,91.63300000000001,91.73400000000001,91.47300000000001,91.62800000000001,1969
2026-07-24T01:30:00+00:00,91.62800000000001,91.78800000000001,91.26400000000001,91.412,2316
2026-07-24T01:45:00+00:00,91.412,91.77300000000001,91.33800000000001,91.74700000000001,1637
2026-07-24T02:00:00+00:00,91.74700000000001,91.92300000000002,91.70700000000001,91.754,1378
2026-07-24T02:15:00+00:00,91.754,91.989,91.72200000000001,91.933,661
2026-07-24T02:30:00+00:00,91.933,91.96300000000001,91.772,91.933,1161
2026-07-24T02:45:00+00:00,91.933,92.14800000000001,91.85400000000001,92.013,1251
2026-07-24T03:00:00+00:00,92.013,92.29200000000002,91.96700000000001,92.20800000000001,1624
2026-07-24T03:15:00+00:00,92.20800000000001,92.43400000000001,92.037,92.319,1782
2026-07-24T03:30:00+00:00,92.319,92.49900000000001,92.12400000000001,92.16300000000001,854
2026-07-24T03:45:00+00:00,92.16300000000001,92.18400000000001,92.00200000000001,92.00200000000001,572
2026-07-24T04:00:00+00:00,92.00200000000001,92.087,91.742,91.88400000000001,610
2026-07-24T04:15:00+00:00,91.88400000000001,91.89900000000002,91.75200000000001,91.77400000000002,483
2026-07-24T04:30:00+00:00,91.77400000000002,91.84400000000001,91.632,91.78800000000001,507
2026-07-24T04:45:00+00:00,91.78800000000001,91.84400000000001,91.71400000000001,91.75900000000001,510
2026-07-24T05:00:00+00:00,91.75900000000001,91.88400000000001,91.682,91.85400000000001,533
2026-07-24T05:15:00+00:00,91.85400000000001,91.95400000000001,91.74900000000001,91.822,509
2026-07-24T05:30:00+00:00,91.822,91.90400000000001,91.462,91.543,1721
2026-07-24T05:45:00+00:00,91.543,91.694,91.272,91.59700000000001,1829
2026-07-24T06:00:00+00:00,91.59700000000001,91.74400000000001,91.293,91.358,1846
2026-07-24T06:15:00+00:00,91.358,91.60400000000001,91.197,91.412,1998
2026-07-24T06:30:00+00:00,91.412,91.45700000000001,91.03300000000002,91.23200000000001,2337
2026-07-24T06:45:00+00:00,91.23200000000001,91.304,90.61900000000001,90.67300000000002,2841
2026-07-24T07:00:00+00:00,90.67300000000002,90.84800000000001,90.41700000000002,90.64200000000001,3166
2026-07-24T07:15:00+00:00,90.64200000000001,90.778,90.40200000000002,90.42300000000002,2669
2026-07-24T07:30:00+00:00,90.42300000000002,90.80300000000001,90.25800000000001,90.61800000000001,2563
2026-07-24T07:45:00+00:00,90.61800000000001,90.72800000000001,90.27700000000002,90.54700000000001,2466
2026-07-24T08:00:00+00:00,90.54700000000001,90.903,90.49700000000001,90.59400000000001,3101
2026-07-24T08:15:00+00:00,90.59400000000001,90.84400000000001,90.153,90.188,5160
2026-07-24T08:30:00+00:00,90.188,90.35300000000001,89.75200000000001,89.802,4406
2026-07-24T08:45:00+00:00,89.802,90.07300000000001,89.558,89.69800000000001,3611
2026-07-24T09:00:00+00:00,89.69800000000001,89.727,89.04400000000001,89.25200000000001,4670
2026-07-24T09:15:00+00:00,89.25200000000001,89.299,88.86800000000001,89.16700000000002,3730
2026-07-24T09:30:00+00:00,89.16700000000002,89.35400000000001,88.84200000000001,89.11900000000001,3193
2026-07-24T09:45:00+00:00,89.11900000000001,89.293,88.938,89.12700000000001,2978
2026-07-24T10:00:00+00:00,89.12700000000001,89.647,88.94300000000001,89.62400000000001,3009
2026-07-24T10:15:00+00:00,89.62400000000001,89.882,89.55300000000001,89.73700000000001,2262
2026-07-24T10:30:00+00:00,89.73700000000001,90.13400000000001,89.727,89.99300000000001,2380
2026-07-24T10:45:00+00:00,89.99300000000001,90.26400000000001,89.79700000000001,90.004,2131
2026-07-24T11:00:00+00:00,90.004,90.117,89.802,90.02900000000001,1945
2026-07-24T11:15:00+00:00,90.02900000000001,90.063,89.81400000000001,89.94300000000001,1329
2026-07-24T11:30:00+00:00,89.94300000000001,90.09200000000001,89.52700000000002,90.052,2408
2026-07-24T11:45:00+00:00,90.052,90.21300000000001,89.06200000000001,89.48800000000001,3459
2026-07-24T12:00:00+00:00,89.48800000000001,90.11800000000001,89.33200000000001,89.83300000000001,3638
2026-07-24T12:15:00+00:00,89.83300000000001,90.00900000000001,89.50300000000001,89.58900000000001,3201
2026-07-24T12:30:00+00:00,89.58900000000001,89.694,89.06200000000001,89.26200000000001,2812
2026-07-24T12:45:00+00:00,89.26200000000001,89.61900000000001,89.13300000000001,89.489,2333
2026-07-24T13:00:00+00:00,89.489,90.108,89.233,90.108,4263
2026-07-24T13:15:00+00:00,90.108,90.653,90.093,90.57400000000001,3142
2026-07-24T13:30:00+00:00,90.57400000000001,90.614,90.25300000000001,90.48700000000001,2991
2026-07-24T13:45:00+00:00,90.48700000000001,90.513,89.79400000000001,90.03200000000001,3639
2026-07-24T14:00:00+00:00,90.03200000000001,90.14900000000002,89.778,89.968,2627
2026-07-24T14:15:00+00:00,89.968,90.057,89.37800000000001,89.572,4266
2026-07-24T14:30:00+00:00,89.572,90.00900000000001,89.43700000000001,89.58800000000001,3832
2026-07-24T14:45:00+00:00,89.58800000000001,89.79800000000002,89.39300000000001,89.79400000000001,3383
2026-07-24T15:00:00+00:00,89.79400000000001,90.08900000000001,88.86900000000001,89.04700000000001,5686
2026-07-24T15:15:00+00:00,89.04700000000001,89.144,87.95800000000001,88.16300000000001,10300
2026-07-24T15:30:00+00:00,88.16300000000001,88.50800000000001,87.78800000000001,88.39300000000001,6611
2026-07-24T15:45:00+00:00,88.39300000000001,88.78800000000001,88.34400000000001,88.50200000000001,4257
2026-07-24T16:00:00+00:00,88.50200000000001,88.74900000000001,88.42800000000001,88.682,3209
2026-07-24T16:15:00+00:00,88.682,88.70800000000001,88.27300000000001,88.41900000000001,2078
2026-07-24T16:30:00+00:00,88.41900000000001,88.67200000000001,88.27900000000001,88.307,2647
2026-07-24T16:45:00+00:00,88.307,88.584,88.177,88.48200000000001,2155
2026-07-24T17:00:00+00:00,88.48200000000001,88.67300000000002,88.29700000000001,88.62200000000001,2097
2026-07-24T17:15:00+00:00,88.62200000000001,89.00300000000001,88.61200000000001,88.95200000000001,1939
2026-07-24T17:30:00+00:00,88.95200000000001,89.174,88.91700000000002,89.013,1984
2026-07-24T17:45:00+00:00,89.013,89.29400000000001,88.89200000000001,89.16900000000001,2026
2026-07-24T18:00:00+00:00,89.16900000000001,89.257,88.69200000000001,88.86300000000001,2317
2026-07-24T18:15:00+00:00,88.86300000000001,89.474,88.81200000000001,89.432,3959
2026-07-24T18:30:00+00:00,89.432,89.51400000000001,89.10700000000001,89.39300000000001,2151
2026-07-24T18:45:00+00:00,89.39300000000001,89.504,89.203,89.468,1002
2026-07-24T19:00:00+00:00,89.468,89.65400000000001,89.42200000000001,89.629,923
2026-07-24T19:15:00+00:00,89.629,89.804,89.608,89.804,842
2026-07-24T19:30:00+00:00,89.804,89.90200000000002,89.052,89.40800000000002,3426
2026-07-24T19:45:00+00:00,89.40800000000002,89.88300000000001,89.209,89.87200000000001,2074
2026-07-24T20:00:00+00:00,89.87200000000001,90.313,89.867,90.313,1905
2026-07-24T20:15:00+00:00,90.313,90.53200000000001,90.12700000000001,90.483,1655
2026-07-24T20:30:00+00:00,90.483,90.61800000000001,90.40800000000002,90.51200000000001,1436
2026-07-26T22:00:00+00:00,90.51200000000001,90.51700000000002,82.42300000000002,84.00300000000001,3743.6585500830106
2026-07-26T22:15:00+00:00,84.00300000000001,84.04800000000002,83.14700000000002,83.59300000000002,2159
2026-07-26T22:30:00+00:00,83.59300000000002,84.00900000000001,83.51400000000001,83.94700000000002,1183
2026-07-26T22:45:00+00:00,83.94700000000002,84.11900000000001,83.81700000000002,84.07800000000002,681
2026-07-26T23:00:00+00:00,84.07800000000002,84.41200000000002,84.06300000000002,84.33300000000001,782
2026-07-26T23:15:00+00:00,84.33300000000001,84.34400000000001,84.11800000000001,84.22300000000001,598
2026-07-26T23:30:00+00:00,84.22300000000001,84.25800000000001,83.93700000000001,83.99300000000001,591
2026-07-26T23:45:00+00:00,83.99300000000001,84.04400000000001,83.76800000000001,83.87900000000002,849
2026-07-27T00:00:00+00:00,83.87900000000002,84.20900000000002,83.64800000000001,83.65800000000002,1786
2026-07-27T00:15:00+00:00,83.65800000000002,83.82900000000002,83.32800000000002,83.75900000000001,1800
2026-07-27T00:30:00+00:00,83.75900000000001,83.89200000000001,83.66900000000001,83.80700000000002,845
2026-07-27T00:45:00+00:00,83.80700000000002,84.14800000000001,83.80700000000002,84.04200000000002,932
2026-07-27T01:00:00+00:00,84.04200000000002,84.70200000000001,83.90200000000002,84.54700000000001,2790
2026-07-27T01:15:00+00:00,84.54700000000001,84.56900000000002,84.35400000000001,84.36700000000002,1493
2026-07-27T01:30:00+00:00,84.36700000000002,84.45700000000002,84.20200000000001,84.42900000000002,1472
2026-07-27T01:45:00+00:00,84.42900000000002,84.62900000000002,84.40200000000002,84.53200000000001,1156
2026-07-27T02:00:00+00:00,84.53200000000001,84.89200000000001,84.43900000000002,84.71200000000002,1350
2026-07-27T02:15:00+00:00,84.71200000000002,84.90800000000002,84.59400000000001,84.89300000000001,589
2026-07-27T02:30:00+00:00,84.89300000000001,84.92400000000002,84.60700000000001,84.81900000000002,1303
2026-07-27T02:45:00+00:00,84.81900000000002,84.96300000000002,84.70200000000001,84.83800000000002,1155
2026-07-27T03:00:00+00:00,84.83800000000002,84.84900000000002,84.51300000000002,84.68900000000002,1114
2026-07-27T03:15:00+00:00,84.68900000000002,84.69400000000002,84.48800000000001,84.58400000000002,834
2026-07-27T03:30:00+00:00,84.58400000000002,84.60700000000001,84.32300000000002,84.38900000000001,711
2026-07-27T03:45:00+00:00,84.38900000000001,84.64200000000001,84.34900000000002,84.48700000000001,430
2026-07-27T04:00:00+00:00,84.48700000000001,84.48700000000001,84.16300000000001,84.34800000000001,714
2026-07-27T04:15:00+00:00,84.34800000000001,84.39800000000001,84.06300000000002,84.10800000000002,768
2026-07-27T04:30:00+00:00,84.10800000000002,84.12400000000001,83.75400000000002,83.82200000000002,943
2026-07-27T04:45:00+00:00,83.82200000000002,84.11300000000001,83.80900000000001,84.10800000000002,643
2026-07-27T05:00:00+00:00,84.10800000000002,84.20700000000002,83.95300000000002,84.05700000000002,679
2026-07-27T05:15:00+00:00,84.05700000000002,84.21900000000001,83.84200000000001,83.91900000000001,727
2026-07-27T05:30:00+00:00,83.91900000000001,84.13400000000001,83.81700000000002,83.90300000000002,1544
2026-07-27T05:45:00+00:00,83.90300000000002,83.99400000000001,83.63700000000001,83.82900000000002,1694
2026-07-27T06:00:00+00:00,83.82900000000002,83.89200000000001,83.01700000000001,83.03900000000002,2523
2026-07-27T06:15:00+00:00,83.03900000000002,83.19400000000002,82.74900000000001,83.10700000000001,3201
2026-07-27T06:30:00+00:00,83.10700000000001,83.23300000000002,82.94900000000001,82.99900000000001,2631
2026-07-27T06:45:00+00:00,82.99900000000001,83.14400000000002,82.67900000000002,82.73900000000002,2780
2026-07-27T07:00:00+00:00,82.73900000000002,83.22200000000001,82.61200000000001,82.95800000000001,3171
2026-07-27T07:15:00+00:00,82.95800000000001,83.44900000000001,82.85800000000002,83.44900000000001,2461
2026-07-27T07:30:00+00:00,83.44900000000001,83.62900000000002,83.28200000000001,83.57700000000001,2922
2026-07-27T07:45:00+00:00,83.57700000000001,83.86300000000001,83.18400000000001,83.85700000000001,3768
2026-07-27T08:00:00+00:00,83.85700000000001,84.10900000000001,83.36400000000002,83.53800000000001,4407
2026-07-27T08:15:00+00:00,83.53800000000001,83.67300000000002,82.85400000000001,82.95800000000001,5841
2026-07-27T08:30:00+00:00,82.95800000000001,83.21900000000001,82.61200000000001,82.70700000000002,4584
2026-07-27T08:45:00+00:00,82.70700000000002,82.88300000000001,82.14300000000001,82.20900000000002,4197
2026-07-27T09:00:00+00:00,82.20900000000002,82.53900000000002,82.20800000000001,82.45800000000001,2713
2026-07-27T09:15:00+00:00,82.45800000000001,82.52900000000001,81.84800000000001,82.01200000000001,3233
2026-07-27T09:30:00+00:00,82.01200000000001,82.18800000000002,81.74200000000002,81.87400000000001,3425
2026-07-27T09:45:00+00:00,81.87400000000001,81.93400000000001,81.40200000000002,81.60300000000001,3951
2026-07-27T10:00:00+00:00,81.60300000000001,82.81900000000002,81.59300000000002,82.55300000000001,4398
2026-07-27T10:15:00+00:00,82.55300000000001,82.65300000000002,82.14800000000001,82.28900000000002,2928
2026-07-27T10:30:00+00:00,82.28900000000002,82.43700000000001,82.23200000000001,82.32300000000002,1707
2026-07-27T10:45:00+00:00,82.32300000000002,82.57900000000002,82.21200000000002,82.52900000000001,1627
2026-07-27T11:00:00+00:00,82.52900000000001,82.74900000000001,82.40900000000002,82.68800000000002,2209
2026-07-27T11:15:00+00:00,82.68800000000002,83.06900000000002,82.53200000000001,83.06900000000002,1817
2026-07-27T11:30:00+00:00,83.06900000000002,83.19900000000001,82.28700000000002,82.49400000000001,3404
2026-07-27T11:45:00+00:00,82.49400000000001,82.64300000000001,82.39800000000001,82.62400000000001,1884
2026-07-27T12:00:00+00:00,82.62400000000001,83.38800000000002,82.62400000000001,83.34700000000001,4034
2026-07-27T12:15:00+00:00,83.34700000000001,83.49900000000001,83.19800000000002,83.36200000000001,3175
2026-07-27T12:30:00+00:00,83.36200000000001,83.53800000000001,83.07700000000001,83.28900000000002,2956
2026-07-27T12:45:00+00:00,83.28900000000002,83.59900000000002,83.08700000000002,83.27400000000002,3863
2026-07-27T13:00:00+00:00,83.27400000000002,83.64900000000002,83.14200000000001,83.51200000000001,4507
2026-07-27T13:15:00+00:00,83.51200000000001,83.80400000000002,83.42800000000001,83.75800000000001,2901
2026-07-27T13:30:00+00:00,83.75800000000001,83.76900000000002,82.95300000000002,83.15300000000002,3866
2026-07-27T13:45:00+00:00,83.15300000000002,83.61900000000001,82.96200000000002,83.48700000000001,3319
2026-07-27T14:00:00+00:00,83.48700000000001,83.52900000000001,82.74800000000002,82.75700000000002,3456
2026-07-27T14:15:00+00:00,82.75700000000002,83.04700000000001,82.72700000000002,82.92200000000001,2805
2026-07-27T14:30:00+00:00,82.92200000000001,83.07300000000002,82.79700000000001,82.88200000000002,2610
2026-07-27T14:45:00+00:00,82.88200000000002,83.07900000000002,82.75800000000001,82.83200000000002,2645
2026-07-27T15:00:00+00:00,82.83200000000002,83.09900000000002,82.41900000000001,82.51200000000001,3579
2026-07-27T15:15:00+00:00,82.51200000000001,82.65900000000002,82.28200000000001,82.41800000000002,4016
2026-07-27T15:30:00+00:00,82.41800000000002,82.63900000000001,82.25200000000001,82.36900000000001,3514
2026-07-27T15:45:00+00:00,82.36900000000001,82.68400000000001,82.34700000000001,82.64900000000002,2370
2026-07-27T16:00:00+00:00,82.64900000000002,82.68400000000001,82.33200000000002,82.48800000000001,2255
2026-07-27T16:15:00+00:00,82.48800000000001,83.03900000000002,82.08800000000002,82.33900000000001,4420
2026-07-27T16:30:00+00:00,82.33900000000001,82.33900000000001,81.59800000000001,82.01800000000001,4335
2026-07-27T16:45:00+00:00,82.01800000000001,82.53200000000001,81.97300000000001,82.10900000000001,2554
2026-07-27T17:00:00+00:00,82.10900000000001,82.15300000000002,81.78300000000002,81.89400000000002,2011
2026-07-27T17:15:00+00:00,81.89400000000002,81.96400000000001,81.78700000000002,81.92800000000001,2057
2026-07-27T17:30:00+00:00,81.92800000000001,82.25700000000002,81.84300000000002,82.22400000000002,2031
2026-07-27T17:45:00+00:00,82.22400000000002,82.26400000000001,81.83900000000001,81.88200000000002,2026
2026-07-27T18:00:00+00:00,81.88200000000002,81.89400000000002,81.49300000000001,81.61700000000002,2487
2026-07-27T18:15:00+00:00,81.61700000000002,81.93400000000001,81.26300000000002,81.90200000000002,3800
2026-07-27T18:30:00+00:00,81.90200000000002,82.21200000000002,81.48800000000001,81.62200000000001,2301
2026-07-27T18:45:00+00:00,81.62200000000001,81.70800000000001,81.38700000000001,81.39800000000001,1272
2026-07-27T19:00:00+00:00,81.39800000000001,81.69300000000001,81.31400000000002,81.66900000000001,1135
2026-07-27T19:15:00+00:00,81.66900000000001,81.70900000000002,81.50900000000001,81.58900000000001,751
2026-07-27T19:30:00+00:00,81.58900000000001,81.65700000000001,81.44700000000002,81.47900000000001,904
2026-07-27T19:45:00+00:00,81.47900000000001,81.52700000000002,81.16700000000002,81.19400000000002,1122
2026-07-27T20:00:00+00:00,81.19400000000002,81.25900000000001,80.94900000000001,80.98800000000001,750
2026-07-27T20:15:00+00:00,80.98800000000001,81.21400000000001,80.92200000000001,81.11700000000002,859
2026-07-27T20:30:00+00:00,81.11700000000002,81.33800000000002,81.10800000000002,81.31300000000002,550
2026-07-27T20:45:00+00:00,81.31300000000002,81.31300000000002,80.88700000000001,81.17700000000002,1043
2026-07-27T22:00:00+00:00,81.17700000000002,81.36900000000001,81.13200000000002,81.16700000000002,294.23559023408006
2026-07-27T22:15:00+00:00,81.16700000000002,81.25200000000001,81.15200000000002,81.23400000000001,126
2026-07-27T22:30:00+00:00,81.23400000000001,81.24300000000001,81.01900000000002,81.17800000000001,223
2026-07-27T22:45:00+00:00,81.17800000000001,81.43700000000001,81.17700000000002,81.38800000000002,200
2026-07-27T23:00:00+00:00,81.38800000000002,81.41900000000001,81.27700000000002,81.29300000000002,133
2026-07-27T23:15:00+00:00,81.29300000000002,81.36800000000001,81.28400000000002,81.30400000000002,113
2026-07-27T23:30:00+00:00,81.30400000000002,81.40900000000002,81.29400000000001,81.40400000000001,96
2026-07-27T23:45:00+00:00,81.40400000000001,81.46800000000002,81.30700000000002,81.30700000000002,184
2026-07-28T00:00:00+00:00,81.30700000000002,81.30700000000002,80.94200000000002,81.13900000000001,1317
2026-07-28T00:15:00+00:00,81.13900000000001,81.13900000000001,80.69200000000002,80.91700000000002,1098
2026-07-28T00:30:00+00:00,80.91700000000002,81.23900000000002,80.90900000000002,81.22300000000001,595
2026-07-28T00:45:00+00:00,81.22300000000001,81.45400000000002,81.19700000000002,81.37800000000001,796
2026-07-28T01:00:00+00:00,81.37800000000001,81.49300000000001,80.85700000000001,80.96400000000001,2912
2026-07-28T01:15:00+00:00,80.96400000000001,81.16300000000001,80.72300000000001,80.82800000000002,1653
2026-07-28T01:30:00+00:00,80.82800000000002,81.15300000000002,80.80800000000002,81.07900000000002,1267
2026-07-28T01:45:00+00:00,81.07900000000002,81.29300000000002,80.88700000000001,80.88900000000001,1502
2026-07-28T02:00:00+00:00,80.88900000000001,81.04700000000001,80.53800000000001,80.78900000000002,1515
2026-07-28T02:15:00+00:00,80.78900000000002,80.78900000000002,80.45400000000002,80.55200000000002,999
2026-07-28T02:30:00+00:00,80.55200000000002,80.58300000000001,80.23400000000001,80.28900000000002,1906
2026-07-28T02:45:00+00:00,80.28900000000002,80.35400000000001,79.97300000000001,80.08800000000002,1606
2026-07-28T03:00:00+00:00,80.08800000000002,80.25900000000001,79.87900000000002,80.21900000000001,1392
2026-07-28T03:15:00+00:00,80.21900000000001,80.62700000000001,80.17700000000002,80.62400000000001,1242
2026-07-28T03:30:00+00:00,80.62400000000001,80.83900000000001,80.56900000000002,80.71900000000001,701
2026-07-28T03:45:00+00:00,80.71900000000001,80.83900000000001,80.70300000000002,80.83200000000002,404
2026-07-28T04:00:00+00:00,80.83200000000002,81.13900000000001,80.79400000000001,81.11200000000001,523
2026-07-28T04:15:00+00:00,81.11200000000001,81.18900000000002,80.82300000000002,80.92900000000002,563
2026-07-28T04:30:00+00:00,80.92900000000002,81.01400000000001,80.83800000000002,80.92700000000002,387
2026-07-28T04:45:00+00:00,80.92700000000002,80.95400000000002,80.84200000000001,80.88800000000002,372
2026-07-28T05:00:00+00:00,80.88800000000002,80.95900000000002,80.80700000000002,80.87800000000001,427
2026-07-28T05:15:00+00:00,80.87800000000001,80.93300000000002,80.73700000000001,80.92800000000001,623
2026-07-28T05:30:00+00:00,80.92800000000001,81.68400000000001,80.92800000000001,81.36900000000001,3014
2026-07-28T05:45:00+00:00,81.36900000000001,81.56800000000001,81.21900000000001,81.39200000000001,1426
2026-07-28T06:00:00+00:00,81.39200000000001,81.58700000000002,81.22400000000002,81.40700000000001,1594
2026-07-28T06:15:00+00:00,81.40700000000001,81.45400000000002,81.01200000000001,81.07700000000001,1725
2026-07-28T06:30:00+00:00,81.07700000000001,81.13700000000001,80.16800000000002,80.25700000000002,2638
2026-07-28T06:45:00+00:00,80.25700000000002,80.38700000000001,79.89400000000002,80.07300000000002,2839
2026-07-28T07:00:00+00:00,80.07300000000002,80.64800000000001,79.93400000000001,80.64800000000001,2862
2026-07-28T07:15:00+00:00,80.64800000000001,80.67400000000002,80.19700000000002,80.52300000000001,2232
2026-07-28T07:30:00+00:00,80.52300000000001,80.78800000000001,80.43900000000002,80.66900000000001,1941
2026-07-28T07:45:00+00:00,80.66900000000001,80.69200000000002,79.80900000000001,80.03900000000002,2910
2026-07-28T08:00:00+00:00,80.03900000000002,80.11800000000001,79.64800000000001,79.88300000000001,3269
2026-07-28T08:15:00+00:00,79.88300000000001,80.06700000000002,79.54800000000002,79.54800000000002,5642
2026-07-28T08:30:00+00:00,79.54800000000002,79.80900000000001,79.44200000000002,79.49800000000002,3276
2026-07-28T08:45:00+00:00,79.49800000000002,79.56800000000001,79.07200000000002,79.45300000000002,2899
2026-07-28T09:00:00+00:00,79.45300000000002,80.39800000000001,79.45300000000002,80.37700000000001,3057
2026-07-28T09:15:00+00:00,80.37700000000001,80.48900000000002,79.69900000000001,79.73900000000002,2340
2026-07-28T09:30:00+00:00,79.73900000000002,80.12300000000002,79.67400000000002,79.98800000000001,1794
2026-07-28T09:45:00+00:00,79.98800000000001,80.12400000000001,79.73700000000001,79.88300000000001,1461
2026-07-28T10:00:00+00:00,79.88300000000001,80.12700000000001,79.84200000000001,80.03200000000001,1258
2026-07-28T10:15:00+00:00,80.03200000000001,80.50400000000002,80.02700000000002,80.43700000000001,1602
2026-07-28T10:30:00+00:00,80.43700000000001,80.73400000000001,80.14800000000001,80.37200000000001,2379
2026-07-28T10:45:00+00:00,80.37200000000001,80.43900000000002,80.17300000000002,80.43700000000001,1209
2026-07-28T11:00:00+00:00,80.43700000000001,80.63300000000001,80.23900000000002,80.51800000000001,1464
2026-07-28T11:15:00+00:00,80.51800000000001,80.65700000000001,79.96400000000001,80.65400000000001,2668
2026-07-28T11:30:00+00:00,80.65400000000001,81.13400000000001,80.57300000000002,81.05700000000002,2328
2026-07-28T11:45:00+00:00,81.05700000000002,81.16900000000001,80.91800000000002,80.97800000000001,1575
2026-07-28T12:00:00+00:00,80.97800000000001,80.99300000000001,80.63800000000002,80.85700000000001,1646
2026-07-28T12:15:00+00:00,80.85700000000001,80.97900000000001,80.55800000000002,80.84900000000002,1710
2026-07-28T12:30:00+00:00,80.84900000000002,80.91900000000001,80.29800000000002,80.45300000000002,2709
2026-07-28T12:45:00+00:00,80.45300000000002,80.46300000000002,79.89200000000001,80.06400000000002,2331
2026-07-28T13:00:00+00:00,80.06400000000002,80.65300000000002,80.06400000000002,80.61400000000002,3033
2026-07-28T13:15:00+00:00,80.61400000000002,80.65900000000002,80.26800000000001,80.46700000000001,2052
2026-07-28T13:30:00+00:00,80.46700000000001,80.51800000000001,79.99700000000001,80.31900000000002,2603
2026-07-28T13:45:00+00:00,80.31900000000002,80.90700000000001,80.27400000000002,80.71400000000001,2452
2026-07-28T14:00:00+00:00,80.71400000000001,81.07400000000001,80.60700000000001,80.61800000000001,2440
2026-07-28T14:15:00+00:00,80.61800000000001,80.69200000000002,80.33200000000002,80.39800000000001,2196
2026-07-28T14:30:00+00:00,80.39800000000001,80.70400000000002,80.15200000000002,80.66900000000001,2805
2026-07-28T14:45:00+00:00,80.66900000000001,80.87900000000002,80.57800000000002,80.70800000000001,2203
2026-07-28T15:00:00+00:00,80.70800000000001,80.83400000000002,79.63700000000001,79.82300000000002,5036
2026-07-28T15:15:00+00:00,79.82300000000002,79.88900000000001,78.48300000000002,78.68400000000001,10024
2026-07-28T15:30:00+00:00,78.68400000000001,78.83700000000002,78.23800000000001,78.35900000000001,6329
2026-07-28T15:45:00+00:00,78.35900000000001,78.68800000000002,77.54400000000001,77.62400000000001,5940
2026-07-28T16:00:00+00:00,77.62400000000001,77.91300000000001,77.53700000000002,77.54800000000002,4956
2026-07-28T16:15:00+00:00,77.54800000000002,77.63300000000001,77.28800000000001,77.50400000000002,3743
2026-07-28T16:30:00+00:00,77.50400000000002,77.66800000000002,77.05200000000002,77.43800000000002,5052
2026-07-28T16:45:00+00:00,77.43800000000002,78.10400000000001,77.37700000000001,77.92900000000002,4478
2026-07-28T17:00:00+00:00,77.92900000000002,78.35700000000001,77.65300000000002,78.22900000000001,4291
2026-07-28T17:15:00+00:00,78.22900000000001,78.45800000000001,77.61300000000001,78.41800000000002,4288
2026-07-28T17:30:00+00:00,78.41800000000002,78.60800000000002,78.24200000000002,78.55700000000002,2707
2026-07-28T17:45:00+00:00,78.55700000000002,78.86900000000001,78.37300000000002,78.69300000000001,2953
2026-07-28T18:00:00+00:00,78.69300000000001,78.69900000000001,78.08700000000002,78.19800000000002,3223
2026-07-28T18:15:00+00:00,78.19800000000002,78.63700000000001,78.07300000000002,78.57200000000002,4441
2026-07-28T18:30:00+00:00,78.57200000000002,78.75300000000001,78.47200000000001,78.55200000000002,1996
2026-07-28T18:45:00+00:00,78.55200000000002,78.57700000000001,78.21700000000001,78.46700000000001,1400
2026-07-28T19:00:00+00:00,78.46700000000001,78.49700000000001,78.21300000000002,78.35800000000002,1045
2026-07-28T19:15:00+00:00,78.35800000000002,78.37900000000002,78.14900000000002,78.17900000000002,711
2026-07-28T19:30:00+00:00,78.17900000000002,78.34900000000002,78.16900000000001,78.31400000000002,727
2026-07-28T19:45:00+00:00,78.31400000000002,78.41200000000002,78.15300000000002,78.38700000000001,874
2026-07-28T20:00:00+00:00,78.38700000000001,78.52400000000002,78.31200000000001,78.38400000000001,884
2026-07-28T20:15:00+00:00,78.38400000000001,78.44300000000001,78.22800000000001,78.43300000000002,1036
2026-07-28T20:30:00+00:00,78.43300000000002,78.52400000000002,78.11300000000001,78.34300000000002,1631
2026-07-28T20:45:00+00:00,78.34300000000002,78.48400000000001,78.27200000000002,78.36700000000002,1288
2026-07-28T22:00:00+00:00,78.36700000000002,80.47800000000002,78.30700000000003,80.44400000000002,1061.329611248966
2026-07-28T22:15:00+00:00,80.44400000000002,82.09300000000002,80.34400000000002,81.91400000000002,1698
2026-07-28T22:30:00+00:00,81.91400000000002,82.43900000000002,81.64700000000002,81.92200000000003,1836
2026-07-28T22:45:00+00:00,81.92200000000003,82.17300000000002,81.66800000000002,81.86900000000001,790
2026-07-28T23:00:00+00:00,81.86900000000001,82.50800000000002,81.81200000000001,81.97800000000002,1050
2026-07-28T23:15:00+00:00,81.97800000000002,82.09400000000002,81.67200000000003,81.74400000000001,670
2026-07-28T23:30:00+00:00,81.74400000000001,81.96900000000002,81.28800000000003,81.30700000000002,503
2026-07-28T23:45:00+00:00,81.30700000000002,81.65300000000002,81.03900000000002,81.09700000000002,1191
2026-07-29T00:00:00+00:00,81.09700000000002,81.53400000000002,80.97200000000002,81.23300000000002,2722
2026-07-29T00:15:00+00:00,81.23300000000002,81.31900000000002,80.86900000000001,81.06300000000002,1626
2026-07-29T00:30:00+00:00,81.06300000000002,81.81200000000001,81.05800000000002,81.60700000000001,2001
2026-07-29T00:45:00+00:00,81.60700000000001,81.81400000000002,81.51700000000002,81.68800000000002,1259
2026-07-29T01:00:00+00:00,81.68800000000002,82.08900000000001,81.53700000000002,82.08700000000002,3762
2026-07-29T01:15:00+00:00,82.08700000000002,82.13200000000002,81.62200000000001,81.66900000000003,2438
2026-07-29T01:30:00+00:00,81.66900000000003,82.27400000000002,81.66300000000003,82.16300000000003,1808
2026-07-29T01:45:00+00:00,82.16300000000003,82.19900000000001,81.84300000000002,81.98300000000002,1574
2026-07-29T02:00:00+00:00,81.98300000000002,82.05900000000001,81.82300000000002,81.88300000000002,1069
2026-07-29T02:15:00+00:00,81.88300000000002,81.94300000000001,81.66700000000002,81.68200000000002,708
2026-07-29T02:30:00+00:00,81.68200000000002,81.68200000000002,81.29200000000002,81.52700000000002,1616
2026-07-29T02:45:00+00:00,81.52700000000002,81.56400000000002,81.35800000000002,81.53700000000002,782
2026-07-29T03:00:00+00:00,81.53700000000002,81.78200000000002,81.53400000000002,81.73700000000002,889
2026-07-29T03:15:00+00:00,81.73700000000002,81.82900000000002,81.54800000000002,81.62200000000001,761
2026-07-29T03:30:00+00:00,81.62200000000001,81.86900000000001,81.61700000000002,81.78800000000003,703
2026-07-29T03:45:00+00:00,81.78800000000003,81.98700000000002,81.72400000000002,81.92900000000002,544
2026-07-29T04:00:00+00:00,81.92900000000002,81.92900000000002,81.77300000000002,81.81900000000002,559
2026-07-29T04:15:00+00:00,81.81900000000002,81.84300000000002,81.66700000000002,81.66700000000002,483
2026-07-29T04:30:00+00:00,81.66700000000002,81.67400000000002,81.32800000000002,81.33900000000001,779
2026-07-29T04:45:00+00:00,81.33900000000001,81.35300000000002,81.11900000000001,81.27800000000002,1203
2026-07-29T05:00:00+00:00,81.27800000000002,81.36900000000001,81.08300000000001,81.11300000000001,1130
2026-07-29T05:15:00+00:00,81.11300000000001,81.26800000000001,81.03700000000002,81.13400000000001,1108
2026-07-29T05:30:00+00:00,81.13400000000001,81.41700000000002,81.05700000000002,81.18400000000001,1755
2026-07-29T05:45:00+00:00,81.18400000000001,81.48800000000001,81.13900000000002,81.45900000000002,1455
2026-07-29T06:00:00+00:00,81.45900000000002,81.65400000000002,81.22800000000002,81.54700000000003,1684
2026-07-29T06:15:00+00:00,81.54700000000003,81.60400000000001,81.36700000000002,81.57900000000002,1446
2026-07-29T06:30:00+00:00,81.57900000000002,81.62700000000002,81.02300000000002,81.05800000000002,1837
2026-07-29T06:45:00+00:00,81.05800000000002,81.35200000000002,81.04200000000002,81.32300000000002,1694
2026-07-29T07:00:00+00:00,81.32300000000002,81.43400000000001,80.97700000000002,81.10900000000002,2252
2026-07-29T07:15:00+00:00,81.10900000000002,81.58800000000002,81.07300000000002,81.43800000000002,2436
2026-07-29T07:30:00+00:00,81.43800000000002,81.54300000000002,80.94300000000001,81.07700000000001,1841
2026-07-29T07:45:00+00:00,81.07700000000001,81.51400000000002,81.03400000000002,81.25400000000002,1984
2026-07-29T08:00:00+00:00,81.25400000000002,81.51300000000002,81.08200000000002,81.12700000000002,2560
2026-07-29T08:15:00+00:00,81.12700000000002,81.61300000000001,80.93900000000002,81.42200000000003,3903
2026-07-29T08:30:00+00:00,81.42200000000003,81.59300000000002,80.97700000000002,81.06300000000002,2593
2026-07-29T08:45:00+00:00,81.06300000000002,81.14900000000002,80.73300000000002,81.10800000000002,2279
2026-07-29T09:00:00+00:00,81.10800000000002,81.37300000000002,81.10700000000001,81.17200000000003,1938
2026-07-29T09:15:00+00:00,81.17200000000003,81.23700000000002,80.93200000000002,81.16400000000002,1748
2026-07-29T09:30:00+00:00,81.16400000000002,81.52300000000002,81.09700000000002,81.33400000000002,1805
2026-07-29T09:45:00+00:00,81.33400000000002,81.53400000000002,81.20900000000002,81.37200000000001,1871
2026-07-29T10:00:00+00:00,81.37200000000001,81.89400000000002,81.19700000000002,81.85400000000001,3058
2026-07-29T10:15:00+00:00,81.85400000000001,82.05700000000002,81.75200000000002,81.94800000000002,2260
2026-07-29T10:30:00+00:00,81.94800000000002,82.27400000000002,81.81700000000002,82.10700000000001,2002
2026-07-29T10:45:00+00:00,82.10700000000001,82.50300000000001,82.07700000000001,82.41300000000003,1929
2026-07-29T11:00:00+00:00,82.41300000000003,82.55700000000002,82.21700000000001,82.34200000000001,1699
2026-07-29T11:15:00+00:00,82.34200000000001,82.40400000000002,82.05700000000002,82.09900000000002,1596
2026-07-29T11:30:00+00:00,82.09900000000002,82.25400000000002,81.99900000000002,82.17400000000002,1817
2026-07-29T11:45:00+00:00,82.17400000000002,82.26400000000002,81.59400000000002,81.76300000000002,2984
2026-07-29T12:00:00+00:00,81.76300000000002,82.40800000000002,81.73200000000001,82.32900000000002,2424
2026-07-29T12:15:00+00:00,82.32900000000002,83.86200000000002,82.32700000000001,83.70300000000002,8269
2026-07-29T12:30:00+00:00,83.70300000000002,83.97900000000001,83.26300000000002,83.34200000000001,3941
2026-07-29T12:45:00+00:00,83.34200000000001,83.96400000000001,83.32700000000001,83.77700000000002,2938
2026-07-29T13:00:00+00:00,83.77700000000002,84.04900000000002,83.58800000000002,83.64900000000002,4160
2026-07-29T13:15:00+00:00,83.64900000000002,83.82300000000002,83.34400000000002,83.55700000000002,2991
2026-07-29T13:30:00+00:00,83.55700000000002,83.88900000000002,83.46700000000001,83.66300000000003,2578
2026-07-29T13:45:00+00:00,83.66300000000003,84.16400000000002,83.64200000000002,84.09400000000002,2892
2026-07-29T14:00:00+00:00,84.09400000000002,84.09400000000002,83.56700000000002,83.75200000000002,2325
2026-07-29T14:15:00+00:00,83.75200000000002,84.23300000000002,83.60700000000001,84.19800000000002,2600
2026-07-29T14:30:00+00:00,84.19800000000002,84.39800000000002,84.09300000000002,84.32700000000001,3286
2026-07-29T14:45:00+00:00,84.32700000000001,84.69400000000002,84.27400000000002,84.59400000000002,3509
2026-07-29T15:00:00+00:00,84.59400000000002,84.79400000000003,84.10200000000002,84.26200000000001,4267
2026-07-29T15:15:00+00:00,84.26200000000001,84.50400000000002,84.02700000000002,84.10200000000002,3822
2026-07-29T15:30:00+00:00,84.10200000000002,84.10400000000001,83.59800000000001,83.72800000000002,3557
2026-07-29T15:45:00+00:00,83.72800000000002,84.23400000000002,83.61200000000002,84.22800000000002,2667
2026-07-29T16:00:00+00:00,84.22800000000002,84.44400000000002,83.97300000000001,84.08700000000002,2940
2026-07-29T16:15:00+00:00,84.08700000000002,84.12400000000002,83.40800000000002,83.41400000000002,3244
2026-07-29T16:30:00+00:00,83.41400000000002,83.76700000000002,83.40300000000002,83.75200000000002,2173
2026-07-29T16:45:00+00:00,83.75200000000002,83.91200000000002,83.65200000000002,83.81400000000002,1651
2026-07-29T17:00:00+00:00,83.81400000000002,83.94400000000002,83.58900000000001,83.78300000000002,1735
2026-07-29T17:15:00+00:00,83.78300000000002,84.04300000000002,83.65400000000002,83.70900000000002,1914
2026-07-29T17:30:00+00:00,83.70900000000002,83.95900000000002,83.54800000000002,83.60200000000002,2136
2026-07-29T17:45:00+00:00,83.60200000000002,83.89400000000002,83.53400000000002,83.80400000000002,1484
2026-07-29T18:00:00+00:00,83.80400000000002,84.09400000000002,83.68800000000002,83.83200000000002,2917
2026-07-29T18:15:00+00:00,83.83200000000002,84.13300000000002,83.58400000000002,83.70800000000001,4754
2026-07-29T18:30:00+00:00,83.70800000000001,84.16900000000003,83.70400000000002,83.84400000000002,2466
2026-07-29T18:45:00+00:00,83.84400000000002,83.94800000000002,83.54800000000002,83.66400000000002,2023
2026-07-29T19:00:00+00:00,83.66400000000002,83.72200000000002,83.45700000000002,83.63800000000002,1588
2026-07-29T19:15:00+00:00,83.63800000000002,83.94400000000002,83.28200000000002,83.88800000000002,2891
2026-07-29T19:30:00+00:00,83.88800000000002,84.47200000000002,83.87200000000001,84.08300000000001,2428
2026-07-29T19:45:00+00:00,84.08300000000001,84.23400000000002,83.81400000000002,84.12400000000002,1593
2026-07-29T20:00:00+00:00,84.12400000000002,84.19300000000001,83.82700000000001,83.95200000000001,1008
2026-07-29T20:15:00+00:00,83.95200000000001,84.24900000000002,83.95200000000001,84.13900000000002,868
2026-07-29T20:30:00+00:00,84.13900000000002,84.13900000000002,83.83300000000001,83.84700000000002,705
2026-07-29T20:45:00+00:00,83.84700000000002,83.91900000000003,83.74300000000002,83.88400000000001,960
2026-07-29T22:00:00+00:00,83.88400000000001,83.89900000000002,83.57700000000001,83.63300000000002,398.81690345027545
2026-07-29T22:15:00+00:00,83.63300000000002,83.82300000000002,83.49700000000001,83.68200000000002,244
2026-07-29T22:30:00+00:00,83.68200000000002,83.72900000000001,83.56200000000003,83.69800000000002,224
2026-07-29T22:45:00+00:00,83.69800000000002,83.73400000000002,83.62200000000001,83.66400000000002,119
2026-07-29T23:00:00+00:00,83.66400000000002,83.92800000000003,83.36400000000002,83.82200000000002,469
2026-07-29T23:15:00+00:00,83.82200000000002,83.96800000000002,83.61300000000001,83.65800000000002,261
2026-07-29T23:30:00+00:00,83.65800000000002,83.72400000000002,83.50400000000002,83.58300000000001,180
2026-07-29T23:45:00+00:00,83.58300000000001,83.60800000000002,83.40200000000002,83.44200000000002,335
2026-07-30T00:00:00+00:00,83.44200000000002,83.53200000000002,83.11300000000001,83.14800000000002,1567
2026-07-30T00:15:00+00:00,83.14800000000002,83.23700000000002,82.46200000000002,83.20200000000001,2476
2026-07-30T00:30:00+00:00,83.20200000000001,83.53900000000002,83.12700000000002,83.52700000000002,1090
2026-07-30T00:45:00+00:00,83.52700000000002,83.84900000000002,83.50700000000002,83.77400000000002,1526
2026-07-30T01:00:00+00:00,83.77400000000002,83.77400000000002,82.98700000000002,83.26200000000001,2915
2026-07-30T01:15:00+00:00,83.26200000000001,83.37200000000001,83.07400000000001,83.22200000000002,1857
2026-07-30T01:30:00+00:00,83.22200000000002,83.29300000000002,82.88200000000002,82.97200000000002,1909
2026-07-30T01:45:00+00:00,82.97200000000002,83.14400000000002,82.91800000000002,83.03800000000003,1169
2026-07-30T02:00:00+00:00,83.03800000000003,83.04300000000002,82.81200000000003,82.81800000000003,947
2026-07-30T02:15:00+00:00,82.81800000000003,82.93400000000003,82.67400000000002,82.69400000000002,717
2026-07-30T02:30:00+00:00,82.69400000000002,82.83200000000002,82.48700000000002,82.77300000000002,1701
2026-07-30T02:45:00+00:00,82.77300000000002,82.94900000000001,82.49200000000002,82.66900000000003,1326
2026-07-30T03:00:00+00:00,82.66900000000003,82.67300000000002,82.47200000000002,82.59200000000001,993
2026-07-30T03:15:00+00:00,82.59200000000001,82.87800000000001,82.55200000000002,82.85700000000001,944
2026-07-30T03:30:00+00:00,82.85700000000001,82.87200000000001,82.74300000000002,82.82400000000001,643
2026-07-30T03:45:00+00:00,82.82400000000001,82.99700000000001,82.81200000000003,82.87700000000002,483
2026-07-30T04:00:00+00:00,82.87700000000002,83.02900000000002,82.86200000000002,83.00800000000002,357
2026-07-30T04:15:00+00:00,83.00800000000002,83.10900000000002,82.91800000000002,83.01400000000002,358
2026-07-30T04:30:00+00:00,83.01400000000002,83.05700000000002,82.89900000000002,83.03700000000002,352
2026-07-30T04:45:00+00:00,83.03700000000002,83.39700000000002,82.94700000000002,83.30700000000002,933
2026-07-30T05:00:00+00:00,83.30700000000002,83.71400000000001,83.20900000000002,83.69400000000002,1341
2026-07-30T05:15:00+00:00,83.69400000000002,84.02700000000002,83.62400000000002,83.78800000000003,1319
2026-07-30T05:30:00+00:00,83.78800000000003,84.40900000000002,83.77300000000002,84.21300000000002,3632
2026-07-30T05:45:00+00:00,84.21300000000002,84.63800000000002,83.87300000000002,84.47900000000001,2833
2026-07-30T06:00:00+00:00,84.47900000000001,84.97300000000001,84.32700000000001,84.94800000000002,3533
2026-07-30T06:15:00+00:00,84.94800000000002,85.12400000000002,84.79200000000002,85.06900000000002,3365
2026-07-30T06:30:00+00:00,85.06900000000002,85.13900000000002,84.77200000000002,84.87300000000002,2615
2026-07-30T06:45:00+00:00,84.87300000000002,84.92800000000003,84.55200000000002,84.55300000000003,2107
2026-07-30T07:00:00+00:00,84.55300000000003,84.55300000000003,83.83700000000002,84.17200000000003,3945
2026-07-30T07:15:00+00:00,84.17200000000003,84.63900000000002,84.14700000000002,84.54800000000002,2754
2026-07-30T07:30:00+00:00,84.54800000000002,85.17700000000002,84.49700000000001,84.69800000000002,2862
2026-07-30T07:45:00+00:00,84.69800000000002,84.70800000000001,84.18200000000002,84.40800000000002,2398
2026-07-30T08:00:00+00:00,84.40800000000002,84.59900000000002,83.87400000000002,84.06900000000002,3668
2026-07-30T08:15:00+00:00,84.06900000000002,84.60700000000001,83.91700000000002,84.18700000000003,4251
2026-07-30T08:30:00+00:00,84.18700000000003,84.31200000000003,83.69500000000004,84.14600000000003,3138
2026-07-30T08:45:00+00:00,84.14600000000003,84.46500000000003,84.07400000000003,84.12100000000002,1697
2026-07-30T09:00:00+00:00,84.12100000000002,84.22000000000003,83.46000000000004,83.74000000000002,3189
2026-07-30T09:15:00+00:00,83.74000000000002,83.88500000000003,83.23400000000002,83.41900000000003,3581
2026-07-30T09:30:00+00:00,83.41900000000003,83.75900000000003,83.29600000000003,83.49600000000002,2333
2026-07-30T09:45:00+00:00,83.49600000000002,83.88100000000003,83.32900000000004,83.84900000000003,1957
2026-07-30T10:00:00+00:00,83.84900000000003,84.02600000000002,83.77500000000003,83.96600000000002,2225
2026-07-30T10:15:00+00:00,83.96600000000002,83.97100000000003,83.49400000000003,83.60900000000002,1570
2026-07-30T10:30:00+00:00,83.60900000000002,83.65500000000003,82.65400000000002,83.01500000000003,2973
2026-07-30T10:45:00+00:00,83.01500000000003,83.16400000000003,82.71100000000003,83.14100000000003,2647
2026-07-30T11:00:00+00:00,83.14100000000003,83.30400000000003,83.00100000000003,83.09100000000002,1805
2026-07-30T11:15:00+00:00,83.09100000000002,83.30100000000003,82.87100000000002,83.04100000000003,2004
2026-07-30T11:30:00+00:00,83.04100000000003,83.10100000000003,82.74000000000002,82.85400000000003,2077
2026-07-30T11:45:00+00:00,82.85400000000003,82.94500000000004,82.67000000000003,82.92400000000004,1989
2026-07-30T12:00:00+00:00,82.92400000000004,83.20900000000003,82.78600000000003,83.07600000000004,2387
2026-07-30T12:15:00+00:00,83.07600000000004,83.77100000000003,82.99400000000003,83.63400000000003,2051
2026-07-30T12:30:00+00:00,83.63400000000003,83.63600000000002,83.02400000000003,83.16500000000003,2357
2026-07-30T12:45:00+00:00,83.16500000000003,83.88000000000002,83.09100000000002,83.86600000000003,2578
2026-07-30T13:00:00+00:00,83.86600000000003,83.89000000000003,82.38100000000003,82.40500000000003,5540
2026-07-30T13:15:00+00:00,82.40500000000003,83.04900000000004,82.40500000000003,82.86100000000003,3357
2026-07-30T13:30:00+00:00,82.86100000000003,83.10900000000002,82.70400000000004,83.00400000000003,2181
2026-07-30T13:45:00+00:00,83.00400000000003,83.29900000000004,82.90600000000003,83.13600000000002,2541
2026-07-30T14:00:00+00:00,83.13600000000002,83.56600000000003,83.01900000000003,83.26000000000003,4554
2026-07-30T14:15:00+00:00,83.26000000000003,83.66100000000003,83.10500000000003,83.35500000000003,2847
2026-07-30T14:30:00+00:00,83.35500000000003,83.67100000000003,83.34100000000002,83.47600000000003,2551
2026-07-30T14:45:00+00:00,83.47600000000003,83.84400000000002,83.46900000000002,83.59500000000003,2881
2026-07-30T15:00:00+00:00,83.59500000000003,84.23900000000003,83.54900000000004,83.99500000000003,3359
2026-07-30T15:15:00+00:00,83.99500000000003,84.06600000000003,83.45400000000004,83.69400000000003,3990
2026-07-30T15:30:00+00:00,83.69400000000003,83.90900000000003,82.97500000000002,83.09900000000003,3136
2026-07-30T15:45:00+00:00,83.09900000000003,83.45400000000004,83.00100000000003,83.45000000000003,2022
2026-07-30T16:00:00+00:00,83.45000000000003,83.66000000000003,83.32100000000003,83.41600000000003,1926
2026-07-30T16:15:00+00:00,83.41600000000003,83.55500000000004,82.89100000000003,82.99100000000003,2059
2026-07-30T16:30:00+00:00,82.99100000000003,83.34600000000003,82.93500000000003,83.26900000000003,1609
2026-07-30T16:45:00+00:00,83.26900000000003,83.49900000000002,83.15600000000003,83.47400000000003,1590
2026-07-30T17:00:00+00:00,83.47400000000003,83.54100000000003,83.23000000000003,83.34600000000003,1679
2026-07-30T17:15:00+00:00,83.34600000000003,83.57400000000003,83.11900000000003,83.23500000000003,1740
2026-07-30T17:30:00+00:00,83.23500000000003,83.77600000000002,83.03400000000003,83.25400000000003,2460
2026-07-30T17:45:00+00:00,83.25400000000003,83.49100000000003,83.25400000000003,83.46000000000004,1925
2026-07-30T18:00:00+00:00,83.46000000000004,83.67100000000003,83.33600000000003,83.51100000000002,2481
2026-07-30T18:15:00+00:00,83.51100000000002,83.55900000000003,82.86500000000002,82.93100000000003,3987
2026-07-30T18:30:00+00:00,82.93100000000003,83.18900000000004,82.86900000000003,83.10600000000002,1863
2026-07-30T18:45:00+00:00,83.10600000000002,83.15900000000003,82.89900000000003,82.91000000000003,937
2026-07-30T19:00:00+00:00,82.91000000000003,83.12600000000003,82.85400000000003,83.03000000000003,899
2026-07-30T19:15:00+00:00,83.03000000000003,83.07000000000004,82.91400000000003,82.92100000000003,642
2026-07-30T19:30:00+00:00,82.92100000000003,83.07900000000004,82.83400000000003,83.07600000000004,802
2026-07-30T19:45:00+00:00,83.07600000000004,83.21100000000003,83.03100000000003,83.04900000000004,773
2026-07-30T20:00:00+00:00,83.04900000000004,83.27100000000003,82.98600000000003,83.26500000000003,632
2026-07-30T20:15:00+00:00,83.26500000000003,83.55000000000003,83.23400000000002,83.49400000000003,694
2026-07-30T20:30:00+00:00,83.49400000000003,83.59600000000003,83.35000000000002,83.35900000000002,673
2026-07-30T20:45:00+00:00,83.35900000000002,83.36600000000003,83.25900000000003,83.34100000000002,730
2026-07-30T22:00:00+00:00,83.34100000000002,83.71900000000004,83.30000000000003,83.62400000000004,315.0718601179899
2026-07-30T22:15:00+00:00,83.62400000000004,83.74000000000004,83.59400000000004,83.60600000000004,163
2026-07-30T22:30:00+00:00,83.60600000000004,83.60600000000004,83.47600000000003,83.47900000000003,136
2026-07-30T22:45:00+00:00,83.47900000000003,83.49100000000003,83.37900000000003,83.49100000000003,109
2026-07-30T23:00:00+00:00,83.49100000000003,83.49100000000003,83.35600000000004,83.37000000000003,86
2026-07-30T23:15:00+00:00,83.37000000000003,84.059,83.37000000000003,84.039,91
2026-07-30T23:30:00+00:00,84.039,84.089,83.963,84.062,94
2026-07-30T23:45:00+00:00,84.062,84.097,83.964,84.049,87
2026-07-31T00:00:00+00:00,84.049,84.168,83.949,84.123,602
2026-07-31T00:15:00+00:00,84.123,84.123,83.944,84.099,507
2026-07-31T00:30:00+00:00,84.099,84.119,83.709,83.714,527
2026-07-31T00:45:00+00:00,83.714,83.853,83.509,83.529,685
2026-07-31T01:00:00+00:00,83.529,83.529,82.302,82.939,3680
2026-07-31T01:15:00+00:00,82.939,82.964,82.537,82.764,1963
2026-07-31T01:30:00+00:00,82.764,82.869,82.262,82.593,1774
2026-07-31T01:45:00+00:00,82.593,82.792,82.382,82.469,1326
2026-07-31T02:00:00+00:00,82.469,82.469,81.657,82.064,2555
2026-07-31T02:15:00+00:00,82.064,82.313,82.057,82.159,970
2026-07-31T02:30:00+00:00,82.159,82.308,82.057,82.127,1199
2026-07-31T02:45:00+00:00,82.127,82.434,82.042,82.259,1116
2026-07-31T03:00:00+00:00,82.259,82.354,82.048,82.207,853
2026-07-31T03:15:00+00:00,82.207,82.299,82.064,82.189,981
2026-07-31T03:30:00+00:00,82.189,82.339,82.107,82.334,885
2026-07-31T03:45:00+00:00,82.334,82.478,82.244,82.319,639
2026-07-31T04:00:00+00:00,82.319,82.374,82.002,82.122,992
2026-07-31T04:15:00+00:00,82.122,82.208,82.079,82.144,512
2026-07-31T04:30:00+00:00,82.144,82.169,81.942,81.969,725
2026-07-31T04:45:00+00:00,81.969,82.004,81.613,81.644,1116
2026-07-31T05:00:00+00:00,81.644,81.972,81.572,81.887,1487
2026-07-31T05:15:00+00:00,81.887,81.929,81.529,81.637,782
2026-07-31T05:30:00+00:00,81.637,81.637,81.193,81.439,2673
2026-07-31T05:45:00+00:00,81.439,81.674,81.348,81.673,1404
2026-07-31T06:00:00+00:00,81.673,81.988,81.592,81.812,1957
2026-07-31T06:15:00+00:00,81.812,82.207,81.777,82.003,1661
2026-07-31T06:30:00+00:00,82.003,82.093,81.772,82.024,1294
2026-07-31T06:45:00+00:00,82.024,82.114,81.922,82.007,1401
2026-07-31T07:00:00+00:00,82.007,82.428,81.987,82.194,2371
2026-07-31T07:15:00+00:00,82.194,82.589,82.192,82.538,1828
2026-07-31T07:30:00+00:00,82.538,82.659,82.312,82.568,1831
2026-07-31T07:45:00+00:00,82.568,82.569,82.043,82.154,2451
2026-07-31T08:00:00+00:00,82.154,82.314,81.997,82.082,2220
2026-07-31T08:15:00+00:00,82.082,82.717,81.917,82.713,3974
2026-07-31T08:30:00+00:00,82.713,82.862,82.347,82.407,2428
2026-07-31T08:45:00+00:00,82.407,82.562,82.214,82.562,1943
2026-07-31T09:00:00+00:00,82.562,83.079,82.532,83.073,2686
2026-07-31T09:15:00+00:00,83.073,83.202,82.772,82.847,3443
2026-07-31T09:30:00+00:00,82.847,83.524,82.817,83.517,2613
2026-07-31T09:45:00+00:00,83.517,83.768,83.472,83.704,2003
2026-07-31T10:00:00+00:00,83.704,84.039,83.704,84.037,2100
2026-07-31T10:15:00+00:00,84.037,84.157,83.808,84.082,1818
2026-07-31T10:30:00+00:00,84.082,84.359,83.972,84.153,1730
2026-07-31T10:45:00+00:00,84.153,84.463,84.057,84.278,1923
2026-07-31T11:00:00+00:00,84.278,84.477,84.087,84.179,1641
2026-07-31T11:15:00+00:00,84.179,84.894,84.089,84.769,4737
2026-07-31T11:30:00+00:00,84.769,85.074,84.617,84.988,3146
2026-07-31T11:45:00+00:00,84.988,85.029,84.772,84.857,2388
2026-07-31T12:00:00+00:00,84.857,85.478,84.857,85.244,2537
2026-07-31T12:15:00+00:00,85.244,85.358,85.147,85.212,1860
2026-07-31T12:30:00+00:00,85.212,85.279,84.942,85.214,2464
2026-07-31T12:45:00+00:00,85.214,86.029,85.183,85.859,3505
2026-07-31T13:00:00+00:00,85.859,85.959,85.253,85.648,4214
2026-07-31T13:15:00+00:00,85.648,85.763,85.323,85.457,3584
2026-07-31T13:30:00+00:00,85.457,85.893,85.353,85.564,3068
2026-07-31T13:45:00+00:00,85.564,85.759,85.279,85.497,2311
2026-07-31T14:00:00+00:00,85.497,85.543,84.768,85.109,2949
2026-07-31T14:15:00+00:00,85.109,85.304,84.967,85.228,2069
2026-07-31T14:30:00+00:00,85.228,85.539,85.187,85.462,2139
2026-07-31T14:45:00+00:00,85.462,85.904,85.462,85.767,2247
2026-07-31T15:00:00+00:00,85.767,85.964,85.713,85.888,1987
2026-07-31T15:15:00+00:00,85.888,85.959,85.352,85.517,3612
2026-07-31T15:30:00+00:00,85.517,85.578,84.877,84.927,3376
2026-07-31T15:45:00+00:00,84.927,84.943,83.969,84.062,4481
2026-07-31T16:00:00+00:00,84.062,84.594,84.044,84.529,3201
2026-07-31T16:15:00+00:00,84.529,84.748,84.418,84.503,2545
2026-07-31T16:30:00+00:00,84.503,84.823,84.497,84.759,1636
2026-07-31T16:45:00+00:00,84.759,84.799,84.559,84.699,1860
2026-07-31T17:00:00+00:00,84.699,85.079,84.512,84.997,2324
2026-07-31T17:15:00+00:00,84.997,85.008,84.688,84.758,2091
2026-07-31T17:30:00+00:00,84.758,85.079,84.617,85.012,2268
2026-07-31T17:45:00+00:00,85.012,85.057,84.663,84.669,2332
2026-07-31T18:00:00+00:00,84.669,85.017,84.537,84.739,3026
2026-07-31T18:15:00+00:00,84.739,85.133,84.517,84.552,4495
2026-07-31T18:30:00+00:00,84.552,84.699,84.468,84.687,1635
2026-07-31T18:45:00+00:00,84.687,84.709,84.513,84.589,947
2026-07-31T19:00:00+00:00,84.589,84.712,84.528,84.617,841
2026-07-31T19:15:00+00:00,84.617,84.924,84.617,84.789,785
2026-07-31T19:30:00+00:00,84.789,84.863,84.692,84.763,766
2026-07-31T19:45:00+00:00,84.763,84.834,84.722,84.737,1020
2026-07-31T20:00:00+00:00,84.737,84.777,84.502,84.552,789
2026-07-31T20:15:00+00:00,84.552,84.629,84.449,84.598,825
2026-07-31T20:30:00+00:00,84.598,84.774,84.453,84.589,1005
2026-08-02T22:00:00+00:00,84.589,84.659,78.81700000000001,79.929,2772.531538612694
2026-08-02T22:15:00+00:00,79.929,81.048,79.927,80.648,1930
2026-08-02T22:30:00+00:00,80.648,80.933,80.56700000000001,80.867,669
2026-08-02T22:45:00+00:00,80.867,81.32300000000001,80.828,81.263,906
2026-08-02T23:00:00+00:00,81.263,81.337,80.898,81.114,731
2026-08-02T23:15:00+00:00,81.114,81.114,80.807,80.862,445
2026-08-02T23:30:00+00:00,80.862,80.902,80.632,80.643,553
2026-08-02T23:45:00+00:00,80.643,80.819,80.449,80.747,658
2026-08-03T00:00:00+00:00,80.747,81.032,80.649,80.72800000000001,963
2026-08-03T00:15:00+00:00,80.72800000000001,80.72800000000001,80.487,80.488,822
2026-08-03T00:30:00+00:00,80.488,80.619,80.352,80.527,737
2026-08-03T00:45:00+00:00,80.527,80.783,80.527,80.648,667
2026-08-03T01:00:00+00:00,80.648,80.82300000000001,80.418,80.703,2689
2026-08-03T01:15:00+00:00,80.703,80.744,80.402,80.44200000000001,1246
2026-08-03T01:30:00+00:00,80.44200000000001,80.604,80.214,80.217,1216
2026-08-03T01:45:00+00:00,80.217,80.294,80.052,80.143,987
2026-08-03T02:00:00+00:00,80.143,80.254,79.932,80.214,1115
2026-08-03T02:15:00+00:00,80.214,80.303,80.092,80.168,716
2026-08-03T02:30:00+00:00,80.168,80.392,80.078,80.282,1273
2026-08-03T02:45:00+00:00,80.282,80.282,79.59400000000001,79.723,1149
2026-08-03T03:00:00+00:00,79.723,79.992,79.654,79.898,886
2026-08-03T03:15:00+00:00,79.898,79.96300000000001,79.683,79.923,706
2026-08-03T03:30:00+00:00,79.923,80.168,79.908,80.157,957
2026-08-03T03:45:00+00:00,80.157,80.183,79.758,79.768,557
2026-08-03T04:00:00+00:00,79.768,79.85300000000001,79.70700000000001,79.81700000000001,505
2026-08-03T04:15:00+00:00,79.81700000000001,79.81700000000001,79.618,79.693,412
2026-08-03T04:30:00+00:00,79.693,79.839,79.68900000000001,79.81400000000001,416
2026-08-03T04:45:00+00:00,79.81400000000001,79.81400000000001,79.542,79.547,363
2026-08-03T05:00:00+00:00,79.547,79.623,79.443,79.499,625
2026-08-03T05:15:00+00:00,79.499,79.569,79.412,79.489,378
2026-08-03T05:30:00+00:00,79.489,79.673,79.407,79.659,779
2026-08-03T05:45:00+00:00,79.659,79.923,79.653,79.669,873
2026-08-03T06:00:00+00:00,79.669,79.744,79.342,79.382,1144
2026-08-03T06:15:00+00:00,79.382,79.548,79.234,79.269,1256
2026-08-03T06:30:00+00:00,79.269,79.399,78.97200000000001,79.07900000000001,1527
2026-08-03T06:45:00+00:00,79.07900000000001,79.177,78.914,79.118,1604
2026-08-03T07:00:00+00:00,79.118,79.659,79.102,79.647,2483
2026-08-03T07:15:00+00:00,79.647,80.458,79.59700000000001,79.757,3273
2026-08-03T07:30:00+00:00,79.757,80.074,79.577,79.924,2083
2026-08-03T07:45:00+00:00,79.924,79.959,79.377,79.708,2215
2026-08-03T08:00:00+00:00,79.708,79.949,79.56700000000001,79.69200000000001,2374
2026-08-03T08:15:00+00:00,79.69200000000001,80.077,79.69200000000001,79.808,3402
2026-08-03T08:30:00+00:00,79.808,80.47200000000001,79.744,80.379,2969
2026-08-03T08:45:00+00:00,80.379,80.678,80.183,80.299,2391
2026-08-03T09:00:00+00:00,80.299,80.343,79.749,79.85300000000001,1913
2026-08-03T09:15:00+00:00,79.85300000000001,79.997,79.69200000000001,79.833,1463
2026-08-03T09:30:00+00:00,79.833,80.104,79.512,79.947,1758
2026-08-03T09:45:00+00:00,79.947,80.074,79.68900000000001,80.074,2017
2026-08-03T10:00:00+00:00,80.074,80.074,79.598,79.694,1660
2026-08-03T10:15:00+00:00,79.694,79.804,79.583,79.752,1416
2026-08-03T10:30:00+00:00,79.752,79.797,79.33800000000001,79.562,1539
2026-08-03T10:45:00+00:00,79.562,79.693,79.384,79.542,1437
2026-08-03T11:00:00+00:00,79.542,79.628,79.384,79.628,1533
2026-08-03T11:15:00+00:00,79.628,79.904,79.563,79.883,1668
2026-08-03T11:30:00+00:00,79.883,79.908,79.47200000000001,79.548,1616
2026-08-03T11:45:00+00:00,79.548,79.682,79.042,79.068,1973
2026-08-03T12:00:00+00:00,79.068,79.194,78.937,78.983,2323
2026-08-03T12:15:00+00:00,78.983,79.224,78.84700000000001,79.157,2098
2026-08-03T12:30:00+00:00,79.157,79.157,78.882,78.94800000000001,1944
2026-08-03T12:45:00+00:00,78.94800000000001,79.413,78.867,79.047,3012
2026-08-03T13:00:00+00:00,79.047,79.387,78.663,79.368,4216
2026-08-03T13:15:00+00:00,79.368,79.412,79.07300000000001,79.322,3280
2026-08-03T13:30:00+00:00,79.322,79.394,78.47200000000001,78.747,2476
2026-08-03T13:45:00+00:00,78.747,79.22200000000001,78.497,79.152,1986
2026-08-03T14:00:00+00:00,79.152,79.459,79.142,79.272,2376
2026-08-03T14:15:00+00:00,79.272,79.443,79.058,79.264,2051
2026-08-03T14:30:00+00:00,79.264,79.68900000000001,79.254,79.47200000000001,2808
2026-08-03T14:45:00+00:00,79.47200000000001,79.69800000000001,79.293,79.694,2397
2026-08-03T15:00:00+00:00,79.694,79.913,79.424,79.572,3165
2026-08-03T15:15:00+00:00,79.572,80.177,79.447,80.034,4266
2026-08-03T15:30:00+00:00,80.034,80.034,79.417,79.804,3076
2026-08-03T15:45:00+00:00,79.804,79.877,79.562,79.668,1807
2026-08-03T16:00:00+00:00,79.668,79.81400000000001,79.432,79.733,1966
2026-08-03T16:15:00+00:00,79.733,79.773,79.362,79.514,1844
2026-08-03T16:30:00+00:00,79.514,79.919,79.452,79.747,2463
2026-08-03T16:45:00+00:00,79.747,79.83800000000001,79.449,79.607,1763
2026-08-03T17:00:00+00:00,79.607,80.243,79.60300000000001,80.183,2461
2026-08-03T17:15:00+00:00,80.183,80.184,79.84700000000001,80.033,1951
2026-08-03T17:30:00+00:00,80.033,80.122,79.903,79.903,1227
2026-08-03T17:45:00+00:00,79.903,80.33800000000001,79.877,80.044,2235
2026-08-03T18:00:00+00:00,80.044,80.06700000000001,79.497,79.697,4045
2026-08-03T18:15:00+00:00,79.697,80.434,79.683,80.384,4262
2026-08-03T18:30:00+00:00,80.384,80.527,80.218,80.449,1621
2026-08-03T18:45:00+00:00,80.449,80.673,80.368,80.409,1158
2026-08-03T19:00:00+00:00,80.409,80.589,80.282,80.502,1063
2026-08-03T19:15:00+00:00,80.502,80.512,80.238,80.492,777
2026-08-03T19:30:00+00:00,80.492,80.523,80.237,80.292,671
2026-08-03T19:45:00+00:00,80.292,80.382,80.147,80.169,940
2026-08-03T20:00:00+00:00,80.169,80.264,80.08800000000001,80.218,438
2026-08-03T20:15:00+00:00,80.218,80.244,80.07900000000001,80.129,339
2026-08-03T20:30:00+00:00,80.129,80.129,79.884,79.983,399
2026-08-03T20:45:00+00:00,79.983,80.114,79.912,80.089,475
2026-08-03T22:00:00+00:00,80.089,80.089,79.95800000000001,79.974,170.55562352529932
2026-08-03T22:15:00+00:00,79.974,80.004,79.96700000000001,79.99400000000001,73
2026-08-03T22:30:00+00:00,79.99400000000001,80.07200000000002,79.94700000000002,79.95400000000001,133
2026-08-03T22:45:00+00:00,79.95400000000001,80.13700000000001,79.65800000000002,80.09700000000001,390
2026-08-03T23:00:00+00:00,80.09700000000001,80.30300000000001,80.058,80.177,245
2026-08-03T23:15:00+00:00,80.177,80.183,79.843,79.86200000000001,185
2026-08-03T23:30:00+00:00,79.86200000000001,80.099,79.83300000000001,80.04800000000002,187
2026-08-03T23:45:00+00:00,80.04800000000002,80.349,80.04800000000002,80.25200000000001,421
2026-08-04T00:00:00+00:00,80.25200000000001,80.70700000000001,80.25200000000001,80.61800000000001,932
2026-08-04T00:15:00+00:00,80.61800000000001,80.83900000000001,80.522,80.64900000000002,729
2026-08-04T00:30:00+00:00,80.64900000000002,80.85400000000001,80.61800000000001,80.70700000000001,648
2026-08-04T00:45:00+00:00,80.70700000000001,81.17900000000002,80.67900000000002,81.02400000000002,1185
2026-08-04T01:00:00+00:00,81.02400000000002,81.20700000000001,80.75800000000001,80.78200000000001,1686
2026-08-04T01:15:00+00:00,80.78200000000001,80.882,80.65700000000001,80.86300000000001,831
2026-08-04T01:30:00+00:00,80.86300000000001,81.052,80.75200000000001,80.99900000000001,1051
2026-08-04T01:45:00+00:00,80.99900000000001,81.09400000000001,80.93900000000001,80.98800000000001,888
2026-08-04T02:00:00+00:00,80.98800000000001,81.07400000000001,80.80700000000002,81.058,904
2026-08-04T02:15:00+00:00,81.058,81.08200000000001,80.89200000000001,81.04200000000002,637
2026-08-04T02:30:00+00:00,81.04200000000002,81.25800000000001,81.007,81.13300000000001,1068
2026-08-04T02:45:00+00:00,81.13300000000001,81.20200000000001,81.07700000000001,81.16400000000002,644
2026-08-04T03:00:00+00:00,81.16400000000002,81.27400000000002,81.06700000000001,81.06800000000001,842
2026-08-04T03:15:00+00:00,81.06800000000001,81.147,80.95700000000001,80.95700000000001,667
2026-08-04T03:30:00+00:00,80.95700000000001,81.20700000000001,80.87700000000001,81.144,563
2026-08-04T03:45:00+00:00,81.144,81.242,81.03900000000002,81.183,459
2026-08-04T04:00:00+00:00,81.183,81.24700000000001,81.084,81.24700000000001,385
2026-08-04T04:15:00+00:00,81.24700000000001,81.257,81.07700000000001,81.09200000000001,440
2026-08-04T04:30:00+00:00,81.09200000000001,81.269,81.07200000000002,81.25900000000001,345
2026-08-04T04:45:00+00:00,81.25900000000001,81.29400000000001,81.20200000000001,81.22300000000001,377
2026-08-04T05:00:00+00:00,81.22300000000001,81.41300000000001,81.17800000000001,81.30400000000002,517
2026-08-04T05:15:00+00:00,81.30400000000002,81.358,81.23200000000001,81.33900000000001,529
2026-08-04T05:30:00+00:00,81.33900000000001,81.44800000000001,81.12400000000001,81.29200000000002,1679
2026-08-04T05:45:00+00:00,81.29200000000002,81.38400000000001,80.888,80.89300000000001,1269
2026-08-04T06:00:00+00:00,80.89300000000001,81.07400000000001,80.73800000000001,80.75300000000001,1375
2026-08-04T06:15:00+00:00,80.75300000000001,81.03200000000001,80.74700000000001,80.82300000000001,1241
2026-08-04T06:30:00+00:00,80.82300000000001,80.97900000000001,80.65200000000002,80.66300000000001,1203
2026-08-04T06:45:00+00:00,80.66300000000001,80.81900000000002,80.41900000000001,80.45700000000001,1592
2026-08-04T07:00:00+00:00,80.45700000000001,80.70400000000001,80.22300000000001,80.638,2322
2026-08-04T07:15:00+00:00,80.638,81.01700000000001,80.46700000000001,80.968,1702
2026-08-04T07:30:00+00:00,80.968,81.037,80.748,80.90800000000002,1722
2026-08-04T07:45:00+00:00,80.90800000000002,80.959,80.69200000000001,80.74400000000001,1857
2026-08-04T08:00:00+00:00,80.74400000000001,80.96400000000001,80.459,80.76700000000001,2644
2026-08-04T08:15:00+00:00,80.76700000000001,80.93400000000001,80.72200000000001,80.79400000000001,3486
2026-08-04T08:30:00+00:00,80.79400000000001,81.75900000000001,80.77700000000002,81.668,3660
2026-08-04T08:45:00+00:00,81.668,82.278,81.647,82.11200000000001,2739
2026-08-04T09:00:00+00:00,82.11200000000001,82.32300000000001,82.02700000000002,82.227,2261
2026-08-04T09:15:00+00:00,82.227,82.30400000000002,82.03900000000002,82.06700000000001,1782
2026-08-04T09:30:00+00:00,82.06700000000001,82.18900000000001,81.71900000000001,82.06200000000001,2027
2026-08-04T09:45:00+00:00,82.06200000000001,82.33800000000001,81.843,81.843,2080
2026-08-04T10:00:00+00:00,81.843,81.894,81.49700000000001,81.83300000000001,2118
2026-08-04T10:15:00+00:00,81.83300000000001,82.02300000000001,81.67300000000002,81.98200000000001,1625
2026-08-04T10:30:00+00:00,81.98200000000001,81.98200000000001,81.31800000000001,81.53200000000001,2014
2026-08-04T10:45:00+00:00,81.53200000000001,81.53200000000001,80.55900000000001,80.83900000000001,5699
2026-08-04T11:00:00+00:00,80.83900000000001,80.96900000000001,80.07700000000001,80.24400000000001,4070
2026-08-04T11:15:00+00:00,80.24400000000001,80.278,79.62400000000001,79.65200000000002,3285
2026-08-04T11:30:00+00:00,79.65200000000002,79.98400000000001,78.52300000000001,78.55700000000002,4123
2026-08-04T11:45:00+00:00,78.55700000000002,78.778,76.59700000000001,76.67900000000002,9669
2026-08-04T12:00:00+00:00,76.67900000000002,78.00900000000001,76.67900000000002,77.974,6331
2026-08-04T12:15:00+00:00,77.974,78.12700000000001,77.68200000000002,77.90800000000002,3859
2026-08-04T12:30:00+00:00,77.90800000000002,78.07900000000001,77.67800000000001,77.93700000000001,3046
2026-08-04T12:45:00+00:00,77.93700000000001,77.99400000000001,77.22800000000001,77.50200000000001,3041
2026-08-04T13:00:00+00:00,77.50200000000001,77.86300000000001,77.42800000000001,77.498,5019
2026-08-04T13:15:00+00:00,77.498,77.674,76.26700000000001,76.462,7007
2026-08-04T13:30:00+00:00,76.462,76.61200000000001,75.968,76.36900000000001,4569
2026-08-04T13:45:00+00:00,76.36900000000001,76.40700000000001,75.78200000000001,75.95200000000001,3965
2026-08-04T14:00:00+00:00,75.95200000000001,76.397,75.80700000000002,75.98200000000001,4518
2026-08-04T14:15:00+00:00,75.98200000000001,76.46400000000001,75.87700000000001,76.44700000000002,3296
2026-08-04T14:30:00+00:00,76.44700000000002,76.879,76.16400000000002,76.849,4665
2026-08-04T14:45:00+00:00,76.849,76.99400000000001,76.60400000000001,76.89900000000002,3062
2026-08-04T15:00:00+00:00,76.89900000000002,77.05400000000002,76.71700000000001,76.86200000000001,3773
2026-08-04T15:15:00+00:00,76.86200000000001,76.86200000000001,76.31700000000001,76.31900000000002,4074
2026-08-04T15:30:00+00:00,76.31900000000002,76.397,75.272,75.35700000000001,6484
2026-08-04T15:45:00+00:00,75.35700000000001,75.84800000000001,75.28900000000002,75.73200000000001,4063
2026-08-04T16:00:00+00:00,75.73200000000001,76.20800000000001,75.70800000000001,76.19300000000001,2846
2026-08-04T16:15:00+00:00,76.19300000000001,76.269,75.92200000000001,76.02700000000002,2425
2026-08-04T16:30:00+00:00,76.02700000000002,76.28800000000001,76.02700000000002,76.10400000000001,2053
2026-08-04T16:45:00+00:00,76.10400000000001,76.32200000000002,76.013,76.212,1923
2026-08-04T17:00:00+00:00,76.212,76.27400000000002,75.587,75.60900000000001,1900
2026-08-04T17:15:00+00:00,75.60900000000001,75.989,75.60700000000001,75.93900000000001,2009
2026-08-04T17:30:00+00:00,75.93900000000001,75.998,75.587,75.629,1852
2026-08-04T17:45:00+00:00,75.629,75.91300000000001,75.614,75.894,1907
2026-08-04T18:00:00+00:00,75.894,75.97900000000001,75.70200000000001,75.71900000000001,2830
2026-08-04T18:15:00+00:00,75.71900000000001,75.85900000000001,75.56700000000001,75.73400000000001,3349
2026-08-04T18:30:00+00:00,75.73400000000001,75.92200000000001,75.63700000000001,75.81800000000001,1327
2026-08-04T18:45:00+00:00,75.81800000000001,75.86300000000001,75.748,75.79800000000002,673
2026-08-04T19:00:00+00:00,75.79800000000002,75.87700000000001,75.68700000000001,75.81300000000002,787
2026-08-04T19:15:00+00:00,75.81300000000002,75.89800000000001,75.73800000000001,75.742,963
2026-08-04T19:30:00+00:00,75.742,75.80700000000002,75.66300000000001,75.80700000000002,772
2026-08-04T19:45:00+00:00,75.80700000000002,76.00300000000001,75.74900000000001,75.78200000000001,858
2026-08-04T20:00:00+00:00,75.78200000000001,75.83900000000001,75.257,75.37400000000001,1394
2026-08-04T20:15:00+00:00,75.37400000000001,75.409,75.20200000000001,75.40200000000002,1186
2026-08-04T20:30:00+00:00,75.40200000000002,75.64300000000001,75.227,75.25900000000001,1468
2026-08-04T20:45:00+00:00,75.25900000000001,75.42300000000002,75.11200000000001,75.13700000000001,1228
2026-08-04T22:00:00+00:00,75.13700000000001,75.394,75.13700000000001,75.32800000000002,156.43944456820375
2026-08-04T22:15:00+00:00,75.32800000000002,75.41900000000001,75.28300000000002,75.31200000000001,133
2026-08-04T22:30:00+00:00,75.31200000000001,75.32200000000002,75.16400000000002,75.20400000000001,177
2026-08-04T22:45:00+00:00,75.20400000000001,75.40800000000002,75.20300000000002,75.349,171
2026-08-04T23:00:00+00:00,75.349,75.38300000000001,75.26800000000001,75.26800000000001,115
2026-08-04T23:15:00+00:00,75.26800000000001,75.26800000000001,75.08800000000001,75.12700000000001,250
2026-08-04T23:30:00+00:00,75.12700000000001,75.254,75.09700000000001,75.19900000000001,133
2026-08-04T23:45:00+00:00,75.19900000000001,75.299,75.18200000000002,75.23200000000001,164
2026-08-05T00:00:00+00:00,75.23200000000001,75.30300000000001,74.57400000000001,75.15800000000002,1675
2026-08-05T00:15:00+00:00,75.15800000000002,75.41400000000002,75.144,75.379,849
2026-08-05T00:30:00+00:00,75.379,75.44300000000001,75.308,75.41700000000002,624
2026-08-05T00:45:00+00:00,75.41700000000002,75.498,75.33300000000001,75.403,841
2026-08-05T01:00:00+00:00,75.403,75.96900000000001,75.38300000000001,75.82900000000001,1620
2026-08-05T01:15:00+00:00,75.82900000000001,76.028,75.808,76.00900000000001,752
2026-08-05T01:30:00+00:00,76.00900000000001,76.05400000000002,75.87800000000001,75.93800000000002,633
2026-08-05T01:45:00+00:00,75.93800000000002,76.049,75.84200000000001,75.97200000000001,599
2026-08-05T02:00:00+00:00,75.97200000000001,76.02700000000002,75.14900000000002,75.18200000000002,1746
2026-08-05T02:15:00+00:00,75.18200000000002,75.33900000000001,74.75900000000001,74.87200000000001,1368
2026-08-05T02:30:00+00:00,74.87200000000001,74.91900000000001,74.23200000000001,74.29200000000002,2071
2026-08-05T02:45:00+00:00,74.29200000000002,74.76700000000001,74.29200000000002,74.73800000000001,1309
2026-08-05T03:00:00+00:00,74.73800000000001,74.77700000000002,74.52900000000001,74.57700000000001,967
2026-08-05T03:15:00+00:00,74.57700000000001,74.72300000000001,74.44700000000002,74.71900000000001,740
2026-08-05T03:30:00+00:00,74.71900000000001,74.849,74.44700000000002,74.64800000000001,984
2026-08-05T03:45:00+00:00,74.64800000000001,74.739,74.54200000000002,74.56200000000001,535
2026-08-05T04:00:00+00:00,74.56200000000001,74.873,74.50300000000001,74.86300000000001,714
2026-08-05T04:15:00+00:00,74.86300000000001,75.08900000000001,74.84700000000001,74.96900000000001,651
2026-08-05T04:30:00+00:00,74.96900000000001,75.239,74.90800000000002,75.18200000000002,604
2026-08-05T04:45:00+00:00,75.18200000000002,75.29200000000002,75.12200000000001,75.17900000000002,578
2026-08-05T05:00:00+00:00,75.17900000000002,75.334,75.11200000000001,75.239,731
2026-08-05T05:15:00+00:00,75.239,75.284,75.07300000000001,75.23800000000001,819
2026-08-05T05:30:00+00:00,75.23800000000001,75.23800000000001,74.75800000000001,75.02400000000002,1698
2026-08-05T05:45:00+00:00,75.02400000000002,75.138,74.84200000000001,75.04700000000001,1413
2026-08-05T06:00:00+00:00,75.04700000000001,75.418,74.95400000000001,75.21900000000001,1910
2026-08-05T06:15:00+00:00,75.21900000000001,75.29200000000002,74.94800000000001,75.17900000000002,1663
2026-08-05T06:30:00+00:00,75.17900000000002,75.48400000000001,75.15200000000002,75.20200000000001,1735
2026-08-05T06:45:00+00:00,75.20200000000001,75.349,75.00200000000001,75.02700000000002,1893
2026-08-05T07:00:00+00:00,75.02700000000002,75.879,74.888,75.778,3460
2026-08-05T07:15:00+00:00,75.778,76.13400000000001,75.617,76.11300000000001,2346
2026-08-05T07:30:00+00:00,76.11300000000001,76.27400000000002,75.96300000000001,76.02300000000001,2145
2026-08-05T07:45:00+00:00,76.02300000000001,76.209,75.87200000000001,76.022,1589
2026-08-05T08:00:00+00:00,76.022,76.28800000000001,75.76200000000001,76.269,2415
2026-08-05T08:15:00+00:00,76.269,76.299,75.89200000000001,76.03300000000002,3243
2026-08-05T08:30:00+00:00,76.03300000000002,76.33200000000001,75.86200000000001,76.159,2674
2026-08-05T08:45:00+00:00,76.159,76.39800000000001,76.087,76.233,1821
2026-08-05T09:00:00+00:00,76.233,76.299,75.888,75.89800000000001,1888
2026-08-05T09:15:00+00:00,75.89800000000001,76.38400000000001,75.86200000000001,76.269,2079
2026-08-05T09:30:00+00:00,76.269,76.37400000000001,76.117,76.24300000000001,1645
2026-08-05T09:45:00+00:00,76.24300000000001,76.54800000000002,76.18200000000002,76.50900000000001,1705
2026-08-05T10:00:00+00:00,76.50900000000001,76.64800000000001,76.45800000000001,76.468,1582
2026-08-05T10:15:00+00:00,76.468,76.69800000000001,76.33800000000001,76.64200000000001,1586
2026-08-05T10:30:00+00:00,76.64200000000001,76.68400000000001,76.278,76.44300000000001,1597
2026-08-05T10:45:00+00:00,76.44300000000001,76.54400000000001,76.138,76.22900000000001,1487
2026-08-05T11:00:00+00:00,76.22900000000001,76.38900000000001,76.007,76.04800000000002,1501
2026-08-05T11:15:00+00:00,76.04800000000002,76.29800000000002,76.00900000000001,76.18900000000001,1350
2026-08-05T11:30:00+00:00,76.18900000000001,76.23400000000001,75.82300000000001,75.95400000000001,1774
2026-08-05T11:45:00+00:00,75.95400000000001,76.212,75.90700000000001,76.058,1768
2026-08-05T12:00:00+00:00,76.058,76.26400000000001,75.88900000000001,75.918,2227
2026-08-05T12:15:00+00:00,75.918,76.37800000000001,75.80700000000002,76.36800000000001,2452
2026-08-05T12:30:00+00:00,76.36800000000001,76.59700000000001,76.21400000000001,76.24700000000001,2412
2026-08-05T12:45:00+00:00,76.24700000000001,76.55900000000001,76.06200000000001,76.519,2255
2026-08-05T13:00:00+00:00,76.519,76.53300000000002,75.71300000000001,75.81700000000001,3978
2026-08-05T13:15:00+00:00,75.81700000000001,76.019,75.69300000000001,75.849,2682
2026-08-05T13:30:00+00:00,75.849,75.86300000000001,75.03900000000002,75.44800000000001,4011
2026-08-05T13:45:00+00:00,75.44800000000001,75.63300000000001,75.26700000000001,75.49900000000001,3286
2026-08-05T14:00:00+00:00,75.49900000000001,75.57700000000001,74.69800000000001,74.99300000000001,4886
2026-08-05T14:15:00+00:00,74.99300000000001,75.17800000000001,74.81300000000002,74.96300000000001,2807
2026-08-05T14:30:00+00:00,74.96300000000001,75.13400000000001,74.80300000000001,75.022,3292
2026-08-05T14:45:00+00:00,75.022,75.36900000000001,74.97800000000001,75.147,2694
2026-08-05T15:00:00+00:00,75.147,75.552,74.53200000000001,75.552,4621
2026-08-05T15:15:00+00:00,75.552,75.81700000000001,75.03300000000002,75.17800000000001,5133
2026-08-05T15:30:00+00:00,75.17800000000001,75.35900000000001,75.06300000000002,75.24400000000001,2916
2026-08-05T15:45:00+00:00,75.24400000000001,75.63400000000001,75.24400000000001,75.602,2764
2026-08-05T16:00:00+00:00,75.602,75.784,75.45700000000001,75.56900000000002,2268
2026-08-05T16:15:00+00:00,75.56900000000002,75.75900000000001,75.56800000000001,75.64200000000001,1883
2026-08-05T16:30:00+00:00,75.64200000000001,75.69300000000001,75.17300000000002,75.209,1931
2026-08-05T16:45:00+00:00,75.209,75.32900000000001,74.75900000000001,74.912,2511
2026-08-05T17:00:00+00:00,74.912,75.01400000000001,74.61300000000001,74.68800000000002,2415
2026-08-05T17:15:00+00:00,74.68800000000002,74.709,74.44900000000001,74.528,2043
2026-08-05T17:30:00+00:00,74.528,74.74400000000001,74.45800000000001,74.632,2075
2026-08-05T17:45:00+00:00,74.632,74.85700000000001,74.56800000000001,74.85700000000001,1437
2026-08-05T18:00:00+00:00,74.85700000000001,75.27900000000001,74.85700000000001,75.272,2211
2026-08-05T18:15:00+00:00,75.272,75.40200000000002,75.12700000000001,75.18400000000001,3533
2026-08-05T18:30:00+00:00,75.18400000000001,75.43200000000002,75.17900000000002,75.24400000000001,1392
2026-08-05T18:45:00+00:00,75.24400000000001,75.32900000000001,75.06800000000001,75.31800000000001,1019
2026-08-05T19:00:00+00:00,75.31800000000001,75.388,75.114,75.14800000000001,637
2026-08-05T19:15:00+00:00,75.14800000000001,75.28800000000001,75.14800000000001,75.26800000000001,625
2026-08-05T19:30:00+00:00,75.26800000000001,75.269,75.13400000000001,75.138,530
2026-08-05T19:45:00+00:00,75.138,75.17300000000002,75.01700000000001,75.159,689
2026-08-05T20:00:00+00:00,75.159,75.16700000000002,74.87800000000001,75.00300000000001,606
2026-08-05T20:15:00+00:00,75.00300000000001,75.108,74.98400000000001,75.07900000000001,430
2026-08-05T20:30:00+00:00,75.07900000000001,75.12400000000001,74.92200000000001,74.992,464
2026-08-05T20:45:00+00:00,74.992,75.093,74.962,75.07800000000002,895
2026-08-05T22:00:00+00:00,75.07800000000002,75.19400000000002,74.962,75.13300000000001,196.5669568822554
2026-08-05T22:15:00+00:00,75.13300000000001,75.19900000000001,75.052,75.10400000000001,134
2026-08-05T22:30:00+00:00,75.10400000000001,75.174,75.052,75.058,103
2026-08-05T22:45:00+00:00,75.058,75.102,75.034,75.04800000000002,90
2026-08-05T23:00:00+00:00,75.04800000000002,75.099,74.974,74.98400000000001,80
2026-08-05T23:15:00+00:00,74.98400000000001,75.04800000000002,74.92900000000002,75.04700000000001,113
2026-08-05T23:30:00+00:00,75.04700000000001,75.05300000000001,74.97200000000001,74.977,96
2026-08-05T23:45:00+00:00,74.977,75.017,74.819,74.864,180
2026-08-06T00:00:00+00:00,74.864,75.009,74.733,74.763,459
2026-08-06T00:15:00+00:00,74.763,74.988,74.623,74.978,689
2026-08-06T00:30:00+00:00,74.978,75.144,74.887,74.987,687
2026-08-06T00:45:00+00:00,74.987,74.998,74.722,74.924,738
2026-08-06T01:00:00+00:00,74.924,75.539,74.894,75.428,2028
2026-08-06T01:15:00+00:00,75.428,76.014,75.387,75.697,2184
2026-08-06T01:30:00+00:00,75.697,75.869,75.677,75.712,1518
2026-08-06T01:45:00+00:00,75.712,75.869,75.622,75.737,1089
2026-08-06T02:00:00+00:00,75.737,75.779,75.483,75.579,901
2026-08-06T02:15:00+00:00,75.579,75.634,75.423,75.483,395
2026-08-06T02:30:00+00:00,75.483,75.677,75.468,75.522,896
2026-08-06T02:45:00+00:00,75.522,75.579,75.403,75.459,712
2026-08-06T03:00:00+00:00,75.459,75.489,75.348,75.464,500
2026-08-06T03:15:00+00:00,75.464,75.519,75.172,75.228,639
2026-08-06T03:30:00+00:00,75.228,75.228,74.892,74.994,822
2026-08-06T03:45:00+00:00,74.994,75.078,74.894,74.898,472
2026-08-06T04:00:00+00:00,74.898,74.937,74.729,74.798,517
2026-08-06T04:15:00+00:00,74.798,74.829,74.682,74.733,339
2026-08-06T04:30:00+00:00,74.733,74.788,74.603,74.784,525
2026-08-06T04:45:00+00:00,74.784,74.819,74.702,74.787,337
2026-08-06T05:00:00+00:00,74.787,74.949,74.772,74.803,521
2026-08-06T05:15:00+00:00,74.803,74.808,74.617,74.644,421
2026-08-06T05:30:00+00:00,74.644,74.939,74.564,74.879,1259
2026-08-06T05:45:00+00:00,74.879,74.908,74.818,74.857,979
2026-08-06T06:00:00+00:00,74.857,75.464,74.828,75.387,1561
2026-08-06T06:15:00+00:00,75.387,75.457,75.198,75.214,1312
2026-08-06T06:30:00+00:00,75.214,75.612,75.208,75.454,1345
2026-08-06T06:45:00+00:00,75.454,75.613,75.234,75.253,1437
2026-08-06T07:00:00+00:00,75.253,75.429,75.002,75.249,1833
2026-08-06T07:15:00+00:00,75.249,75.307,74.972,75.153,1781
2026-08-06T07:30:00+00:00,75.153,75.454,75.048,75.387,1642
2026-08-06T07:45:00+00:00,75.387,75.517,75.262,75.404,1499
2026-08-06T08:00:00+00:00,75.404,75.644,75.258,75.638,1811
2026-08-06T08:15:00+00:00,75.638,75.779,75.088,75.142,3613
2026-08-06T08:30:00+00:00,75.142,75.298,74.919,75.064,2847
2026-08-06T08:45:00+00:00,75.064,75.202,74.893,75.152,1676
2026-08-06T09:00:00+00:00,75.152,75.504,75.089,75.357,1672
2026-08-06T09:15:00+00:00,75.357,75.439,75.092,75.167,1338
2026-08-06T09:30:00+00:00,75.167,75.427,75.049,75.399,1277
2026-08-06T09:45:00+00:00,75.399,75.459,75.087,75.122,1108
2026-08-06T10:00:00+00:00,75.122,75.629,75.094,75.569,1426
2026-08-06T10:15:00+00:00,75.569,75.933,75.477,75.722,1952
2026-08-06T10:30:00+00:00,75.722,75.919,75.697,75.892,1360
2026-08-06T10:45:00+00:00,75.892,76.034,75.793,75.869,1569
2026-08-06T11:00:00+00:00,75.869,75.984,75.733,75.909,1211
2026-08-06T11:15:00+00:00,75.909,75.968,75.812,75.828,802
2026-08-06T11:30:00+00:00,75.828,75.893,75.747,75.768,938
2026-08-06T11:45:00+00:00,75.768,76.204,75.667,75.683,2119
2026-08-06T12:00:00+00:00,75.683,76.149,75.594,75.849,2061
2026-08-06T12:15:00+00:00,75.849,76.313,75.793,76.193,1787
2026-08-06T12:30:00+00:00,76.193,76.413,76.118,76.267,1603
2026-08-06T12:45:00+00:00,76.267,76.339,76.097,76.212,1646
2026-08-06T13:00:00+00:00,76.212,76.814,76.178,76.624,3583
2026-08-06T13:15:00+00:00,76.624,76.624,76.112,76.178,2386
2026-08-06T13:30:00+00:00,76.178,76.252,75.948,75.988,2225
2026-08-06T13:45:00+00:00,75.988,76.244,75.907,76.117,1874
2026-08-06T14:00:00+00:00,76.117,76.214,75.912,76.144,1837
2026-08-06T14:15:00+00:00,76.144,76.429,76.123,76.377,1886
2026-08-06T14:30:00+00:00,76.377,76.508,76.173,76.397,2044
2026-08-06T14:45:00+00:00,76.397,76.732,76.397,76.563,2313
2026-08-06T15:00:00+00:00,76.563,76.817,76.493,76.699,2581
2026-08-06T15:15:00+00:00,76.699,77.168,76.699,76.819,3768
2026-08-06T15:30:00+00:00,76.819,77.079,76.767,76.838,2660
2026-08-06T15:45:00+00:00,76.838,78.117,76.812,77.724,4813
2026-08-06T16:00:00+00:00,77.724,77.938,77.562,77.853,3580
2026-08-06T16:15:00+00:00,77.853,78.024,77.662,77.672,3290
2026-08-06T16:30:00+00:00,77.672,78.039,77.597,78.032,2673
2026-08-06T16:45:00+00:00,78.032,78.059,77.773,77.862,2210
2026-08-06T17:00:00+00:00,77.862,77.862,77.649,77.734,2142
2026-08-06T17:15:00+00:00,77.734,77.868,77.567,77.609,1717
2026-08-06T17:30:00+00:00,77.609,77.679,77.227,77.333,1723
2026-08-06T17:45:00+00:00,77.333,77.387,77.128,77.294,1860
2026-08-06T18:00:00+00:00,77.294,77.474,77.098,77.273,2113
2026-08-06T18:15:00+00:00,77.273,77.439,77.167,77.258,3509
2026-08-06T18:30:00+00:00,77.258,77.324,77.128,77.252,1196
2026-08-06T18:45:00+00:00,77.252,77.419,77.212,77.389,552
2026-08-06T19:00:00+00:00,77.389,77.662,77.389,77.567,896
2026-08-06T19:15:00+00:00,77.567,78.289,77.497,78.119,2186
2026-08-06T19:30:00+00:00,78.119,78.277,77.847,77.939,1578
2026-08-06T19:45:00+00:00,77.939,78.058,77.412,77.683,1975
2026-08-06T20:00:00+00:00,77.683,77.819,77.582,77.752,972
2026-08-06T20:15:00+00:00,77.752,78.154,77.642,78.089,1359
2026-08-06T20:30:00+00:00,78.089,78.263,77.963,78.144,849
2026-08-06T20:45:00+00:00,78.144,78.498,78.127,78.237,1331
2026-08-06T22:00:00+00:00,78.237,78.237,77.92799999999998,78.094,233.53858382460092
2026-08-06T22:15:00+00:00,78.094,78.10699999999999,77.978,78.04199999999999,145
2026-08-06T22:30:00+00:00,78.04199999999999,78.112,78.02399999999999,78.07799999999999,73
2026-08-06T22:45:00+00:00,78.07799999999999,78.109,77.99699999999999,78.094,91
2026-08-06T23:00:00+00:00,78.094,78.109,78.052,78.064,70
2026-08-06T23:15:00+00:00,78.064,78.088,77.997,78.038,96
2026-08-06T23:30:00+00:00,78.038,78.088,78.033,78.054,113
2026-08-06T23:45:00+00:00,78.054,78.084,77.944,77.968,147
2026-08-07T00:00:00+00:00,77.968,78.237,77.952,78.102,856
2026-08-07T00:15:00+00:00,78.102,78.304,78.099,78.244,746
2026-08-07T00:30:00+00:00,78.244,78.407,78.167,78.209,683
2026-08-07T00:45:00+00:00,78.209,78.209,77.857,77.913,952
2026-08-07T01:00:00+00:00,77.913,78.003,77.737,77.824,1889
2026-08-07T01:15:00+00:00,77.824,78.012,77.778,77.843,1014
2026-08-07T01:30:00+00:00,77.843,77.884,77.732,77.779,1056
2026-08-07T01:45:00+00:00,77.779,77.979,77.779,77.907,793
2026-08-07T02:00:00+00:00,77.907,78.102,77.907,77.998,888
2026-08-07T02:15:00+00:00,77.998,78.142,77.958,78.103,487
2026-08-07T02:30:00+00:00,78.103,78.188,78.019,78.067,704
2026-08-07T02:45:00+00:00,78.067,78.088,77.968,77.994,662
2026-08-07T03:00:00+00:00,77.994,78.099,77.877,78.072,502
2026-08-07T03:15:00+00:00,78.072,78.243,78.032,78.052,798
2026-08-07T03:30:00+00:00,78.052,78.079,77.947,77.994,387
2026-08-07T03:45:00+00:00,77.994,78.074,77.978,78.029,337
2026-08-07T04:00:00+00:00,78.029,78.324,77.967,78.259,823
2026-08-07T04:15:00+00:00,78.259,78.667,78.259,78.658,2548
2026-08-07T04:30:00+00:00,78.658,78.738,78.257,78.447,1627
2026-08-07T04:45:00+00:00,78.447,78.474,78.229,78.312,566
2026-08-07T05:00:00+00:00,78.312,78.334,78.207,78.309,572
2026-08-07T05:15:00+00:00,78.309,78.339,78.234,78.318,424
2026-08-07T05:30:00+00:00,78.318,78.379,78.142,78.228,1410
2026-08-07T05:45:00+00:00,78.228,78.329,78.042,78.042,1115
2026-08-07T06:00:00+00:00,78.042,78.138,77.769,77.814,1296
2026-08-07T06:15:00+00:00,77.814,77.897,77.567,77.573,1255
2026-08-07T06:30:00+00:00,77.573,78.079,77.538,78.057,1514
2026-08-07T06:45:00+00:00,78.057,78.102,77.837,77.852,1255
2026-08-07T07:00:00+00:00,77.852,78.029,77.648,77.648,1203
2026-08-07T07:15:00+00:00,77.648,77.828,77.522,77.549,1222
2026-08-07T07:30:00+00:00,77.549,77.834,77.508,77.833,1162
2026-08-07T07:45:00+00:00,77.833,77.939,77.689,77.742,1198
2026-08-07T08:00:00+00:00,77.742,77.789,77.454,77.657,1435
2026-08-07T08:15:00+00:00,77.657,77.954,77.642,77.828,2263
2026-08-07T08:30:00+00:00,77.828,77.959,77.578,77.828,1937
2026-08-07T08:45:00+00:00,77.828,78.024,77.683,77.719,1305
2026-08-07T09:00:00+00:00,77.719,77.822,77.513,77.577,1342
2026-08-07T09:15:00+00:00,77.577,77.754,77.503,77.509,1215
2026-08-07T09:30:00+00:00,77.509,77.534,77.079,77.224,1765
2026-08-07T09:45:00+00:00,77.224,77.347,77.077,77.237,1510
2026-08-07T10:00:00+00:00,77.237,77.237,76.887,77.013,1778
2026-08-07T10:15:00+00:00,77.013,77.299,77.012,77.087,1565
2026-08-07T10:30:00+00:00,77.087,77.088,76.822,76.864,1781
2026-08-07T10:45:00+00:00,76.864,76.988,76.778,76.802,1551
2026-08-07T11:00:00+00:00,76.802,76.953,76.703,76.953,1255
2026-08-07T11:15:00+00:00,76.953,77.062,76.694,76.752,1315
2026-08-07T11:30:00+00:00,76.752,76.823,76.577,76.693,1375
2026-08-07T11:45:00+00:00,76.693,76.739,76.557,76.734,1079
2026-08-07T12:00:00+00:00,76.734,77.019,76.622,77.013,1247
2026-08-07T12:15:00+00:00,77.013,77.483,76.984,77.332,1738
2026-08-07T12:30:00+00:00,77.332,77.373,76.599,76.737,2920
2026-08-07T12:45:00+00:00,76.737,76.843,76.562,76.724,1832
2026-08-07T13:00:00+00:00,76.724,77.013,76.542,76.752,3272
2026-08-07T13:15:00+00:00,76.752,77.109,76.692,76.914,2181
2026-08-07T13:30:00+00:00,76.914,77.089,76.839,77.012,1888
2026-08-07T13:45:00+00:00,77.012,77.319,76.974,77.308,1907
2026-08-07T14:00:00+00:00,77.308,77.954,77.172,77.694,2487
2026-08-07T14:15:00+00:00,77.694,77.764,77.342,77.634,2070
2026-08-07T14:30:00+00:00,77.634,77.722,77.397,77.474,1617
2026-08-07T14:45:00+00:00,77.474,78.088,77.434,78.078,2437
2026-08-07T15:00:00+00:00,78.078,78.417,77.958,78.157,3154
2026-08-07T15:15:00+00:00,78.157,78.344,78.052,78.142,4003
2026-08-07T15:30:00+00:00,78.142,78.319,77.944,78.048,2342
2026-08-07T15:45:00+00:00,78.048,78.472,77.933,78.388,1926
2026-08-07T16:00:00+00:00,78.388,78.473,78.152,78.269,1833
2026-08-07T16:15:00+00:00,78.269,78.469,78.183,78.378,1653
2026-08-07T16:30:00+00:00,78.378,78.448,78.132,78.204,1367
2026-08-07T16:45:00+00:00,78.204,78.349,78.142,78.344,1260
2026-08-07T17:00:00+00:00,78.344,78.347,77.957,77.968,1748
2026-08-07T17:15:00+00:00,77.968,78.074,77.889,77.989,1423
2026-08-07T17:30:00+00:00,77.989,78.008,77.739,77.943,1599
2026-08-07T17:45:00+00:00,77.943,78.117,77.908,78.064,1415
2026-08-07T18:00:00+00:00,78.064,78.319,78.027,78.227,1518
2026-08-07T18:15:00+00:00,78.227,78.349,77.917,78.167,3538
2026-08-07T18:30:00+00:00,78.167,78.278,78.037,78.216,1044
2026-08-07T18:45:00+00:00,78.216,78.231,78.005,78.085,561
2026-08-07T19:00:00+00:00,78.085,78.085,77.309,77.36399999999999,2580
2026-08-07T19:15:00+00:00,77.36399999999999,77.45599999999999,76.789,76.854,2528
2026-08-07T19:30:00+00:00,76.854,77.021,76.80099999999999,76.914,1729
2026-08-07T19:45:00+00:00,76.914,77.005,76.80399999999999,76.996,1158
2026-08-07T20:00:00+00:00,76.996,77.044,76.80399999999999,77.02,981
2026-08-07T20:15:00+00:00,77.02,77.08099999999999,76.914,77.00399999999999,724
2026-08-07T20:30:00+00:00,77.00399999999999,77.14999999999999,76.984,77.146,630
2026-08-09T22:00:00+00:00,77.146,79.38499999999999,77.05,78.984,1788.9260950799253
2026-08-09T22:15:00+00:00,78.984,79.08,78.744,78.84599999999999,584
2026-08-09T22:30:00+00:00,78.84599999999999,78.87599999999999,78.535,78.795,639
2026-08-09T22:45:00+00:00,78.795,78.86099999999999,78.73899999999999,78.82,290
2026-08-09T23:00:00+00:00,78.82,78.83399999999999,78.58399999999999,78.62899999999999,359
2026-08-09T23:15:00+00:00,78.62899999999999,78.74499999999999,78.62599999999999,78.714,222
2026-08-09T23:30:00+00:00,78.714,78.895,78.684,78.80499999999999,276
2026-08-09T23:45:00+00:00,78.80499999999999,78.856,78.714,78.746,243
2026-08-10T00:00:00+00:00,78.746,78.81099999999999,78.47999999999999,78.79599999999999,677
2026-08-10T00:15:00+00:00,78.79599999999999,78.88,78.75399999999999,78.85499999999999,403
2026-08-10T00:30:00+00:00,78.85499999999999,78.931,78.69999999999999,78.794,501
2026-08-10T00:45:00+00:00,78.794,78.925,78.59599999999999,78.62599999999999,752
2026-08-10T01:00:00+00:00,78.62599999999999,79.02,78.154,78.951,2948
2026-08-10T01:15:00+00:00,78.951,79.011,78.75999999999999,78.946,1165
2026-08-10T01:30:00+00:00,78.946,79.11999999999999,78.92399999999999,78.99499999999999,987
2026-08-10T01:45:00+00:00,78.99499999999999,79.064,78.78099999999999,78.844,889
2026-08-10T02:00:00+00:00,78.844,78.975,78.824,78.85,706
2026-08-10T02:15:00+00:00,78.85,78.866,78.62899999999999,78.66,416
2026-08-10T02:30:00+00:00,78.66,78.73599999999999,78.556,78.639,854
2026-08-10T02:45:00+00:00,78.639,78.88499999999999,78.609,78.806,736
2026-08-10T03:00:00+00:00,78.806,78.841,78.539,78.654,712
2026-08-10T03:15:00+00:00,78.654,78.66499999999999,78.52,78.609,555
2026-08-10T03:30:00+00:00,78.609,78.81599999999999,78.609,78.71499999999999,642
2026-08-10T03:45:00+00:00,78.71499999999999,78.81599999999999,78.71499999999999,78.749,249
2026-08-10T04:00:00+00:00,78.749,78.845,78.71,78.814,239
2026-08-10T04:15:00+00:00,78.814,78.82,78.654,78.744,339
2026-08-10T04:30:00+00:00,78.744,78.749,78.539,78.56599999999999,416
2026-08-10T04:45:00+00:00,78.56599999999999,78.57,78.294,78.419,697
2026-08-10T05:00:00+00:00,78.419,78.58399999999999,78.38499999999999,78.49,782
2026-08-10T05:15:00+00:00,78.49,78.514,78.344,78.426,462
2026-08-10T05:30:00+00:00,78.426,78.47,78.329,78.344,1120
2026-08-10T05:45:00+00:00,78.344,78.371,77.77,77.801,1438
2026-08-10T06:00:00+00:00,77.801,78.291,77.761,78.18499999999999,1592
2026-08-10T06:15:00+00:00,78.18499999999999,78.21,77.914,78.026,1012
2026-08-10T06:30:00+00:00,78.026,78.05399999999999,77.809,78.01599999999999,1063
2026-08-10T06:45:00+00:00,78.01599999999999,78.176,77.856,77.911,1458
2026-08-10T07:00:00+00:00,77.911,78.625,77.845,78.43499999999999,2614
2026-08-10T07:15:00+00:00,78.43499999999999,78.56099999999999,77.975,78.01899999999999,2038
2026-08-10T07:30:00+00:00,78.01899999999999,78.326,77.979,78.05399999999999,1709
2026-08-10T07:45:00+00:00,78.05399999999999,78.326,77.789,78.16499999999999,2253
2026-08-10T08:00:00+00:00,78.16499999999999,78.33999999999999,78.14,78.271,1667
2026-08-10T08:15:00+00:00,78.271,78.594,78.15899999999999,78.499,3144
2026-08-10T08:30:00+00:00,78.499,79.086,78.36,79.00399999999999,2706
2026-08-10T08:45:00+00:00,79.00399999999999,79.326,78.916,79.104,2116
2026-08-10T09:00:00+00:00,79.104,79.11099999999999,78.899,78.92999999999999,1636
2026-08-10T09:15:00+00:00,78.92999999999999,79.059,78.63499999999999,78.725,1497
2026-08-10T09:30:00+00:00,78.725,79.05,78.669,78.99499999999999,1451
2026-08-10T09:45:00+00:00,78.99499999999999,79.106,78.89399999999999,78.98599999999999,1206
2026-08-10T10:00:00+00:00,78.98599999999999,79.02,78.704,78.81899999999999,1214
2026-08-10T10:15:00+00:00,78.81899999999999,78.90899999999999,78.419,78.786,1496
2026-08-10T10:30:00+00:00,78.786,79.466,78.73899999999999,79.326,2183
2026-08-10T10:45:00+00:00,79.326,79.556,79.13,79.42999999999999,1838
2026-08-10T11:00:00+00:00,79.42999999999999,79.56599999999999,79.244,79.264,1428
2026-08-10T11:15:00+00:00,79.264,79.324,78.94,79.051,1401
2026-08-10T11:30:00+00:00,79.051,79.505,78.976,79.46,1719
2026-08-10T11:45:00+00:00,79.46,79.616,79.374,79.54899999999999,2047
2026-08-10T12:00:00+00:00,79.54899999999999,79.615,79.34899999999999,79.524,2126
2026-08-10T12:15:00+00:00,79.524,79.56099999999999,79.24,79.276,1524
2026-08-10T12:30:00+00:00,79.276,79.75099999999999,79.26899999999999,79.714,1800
2026-08-10T12:45:00+00:00,79.714,79.925,79.524,79.696,2101
2026-08-10T13:00:00+00:00,79.696,79.711,79.20599999999999,79.449,3569
2026-08-10T13:15:00+00:00,79.449,79.654,79.14399999999999,79.636,2916
2026-08-10T13:30:00+00:00,79.636,80.154,79.58399999999999,80.059,3559
2026-08-10T13:45:00+00:00,80.059,80.94999999999999,80.059,80.83099999999999,4757
2026-08-10T14:00:00+00:00,80.83099999999999,80.865,80.574,80.72,3025
2026-08-10T14:15:00+00:00,80.72,80.726,80.26599999999999,80.28999999999999,3045
2026-08-10T14:30:00+00:00,80.28999999999999,80.616,80.24499999999999,80.59899999999999,2841
2026-08-10T14:45:00+00:00,80.59899999999999,80.874,80.499,80.755,2238
2026-08-10T15:00:00+00:00,80.755,81.011,80.62599999999999,80.865,3438
2026-08-10T15:15:00+00:00,80.865,81.27499999999999,80.76899999999999,81.146,3943
2026-08-10T15:30:00+00:00,81.146,81.336,81.009,81.274,2658
2026-08-10T15:45:00+00:00,81.274,81.341,81.00399999999999,81.006,2256
2026-08-10T16:00:00+00:00,81.006,81.08099999999999,80.794,81.015,2270
2026-08-10T16:15:00+00:00,81.015,81.196,80.914,81.109,1631
2026-08-10T16:30:00+00:00,81.109,81.576,81.035,81.43599999999999,3032
2026-08-10T16:45:00+00:00,81.43599999999999,81.53399999999999,81.28999999999999,81.39399999999999,1679
2026-08-10T17:00:00+00:00,81.39399999999999,81.63499999999999,81.39399999999999,81.491,2130
2026-08-10T17:15:00+00:00,81.491,81.59599999999999,81.41,81.579,1742
2026-08-10T17:30:00+00:00,81.579,81.80399999999999,81.48899999999999,81.785,1989
2026-08-10T17:45:00+00:00,81.785,81.926,81.705,81.92,2206
2026-08-10T18:00:00+00:00,81.92,81.93599999999999,81.734,81.779,1573
2026-08-10T18:15:00+00:00,81.779,82.29599999999999,81.76899999999999,82.14,4349
2026-08-10T18:30:00+00:00,82.14,82.26599999999999,82.074,82.11,1456
2026-08-10T18:45:00+00:00,82.11,82.11,81.845,81.86399999999999,1063
2026-08-10T19:00:00+00:00,81.86399999999999,81.896,81.639,81.725,1314
2026-08-10T19:15:00+00:00,81.725,81.95599999999999,81.725,81.949,954
2026-08-10T19:30:00+00:00,81.949,82.06099999999999,81.919,82.006,856
2026-08-10T19:45:00+00:00,82.006,82.116,81.96499999999999,82.115,548
2026-08-10T20:00:00+00:00,82.115,82.20599999999999,82.059,82.169,790
2026-08-10T20:15:00+00:00,82.169,82.30399999999999,82.09599999999999,82.265,466
2026-08-10T20:30:00+00:00,82.265,82.34599999999999,82.22,82.33099999999999,470
2026-08-10T20:45:00+00:00,82.33099999999999,82.34599999999999,82.229,82.27,657
2026-08-10T22:00:00+00:00,82.27,82.275,82.12899999999999,82.15899999999999,215.52172395742454
2026-08-10T22:15:00+00:00,82.15899999999999,82.175,82.051,82.119,183
2026-08-10T22:30:00+00:00,82.119,82.154,82.041,82.116,174
2026-08-10T22:45:00+00:00,82.116,82.116,82.05499999999999,82.104,78.97692307692307
2026-08-10T23:00:00+00:00,82.104,82.104,81.98599999999999,82.00099999999999,138
2026-08-10T23:15:00+00:00,82.00099999999999,82.064,81.954,82.045,118
2026-08-10T23:30:00+00:00,82.045,82.125,82.039,82.07,121
2026-08-10T23:45:00+00:00,82.07,82.14399999999999,82.05399999999999,82.079,193
2026-08-11T00:00:00+00:00,82.079,82.264,81.98899999999999,82.134,812
2026-08-11T00:15:00+00:00,82.134,82.271,82.044,82.161,739
2026-08-11T00:30:00+00:00,82.161,82.216,82.10499999999999,82.139,410
2026-08-11T00:45:00+00:00,82.139,82.37899999999999,82.134,82.17999999999999,883
2026-08-11T01:00:00+00:00,82.17999999999999,82.351,81.97399999999999,82.22399999999999,2168
2026-08-11T01:15:00+00:00,82.22399999999999,82.291,82.074,82.155,1150
2026-08-11T01:30:00+00:00,82.155,82.485,82.14399999999999,82.369,1184
2026-08-11T01:45:00+00:00,82.369,82.476,82.31899999999999,82.371,921
2026-08-11T02:00:00+00:00,82.371,82.371,82.244,82.35,1179
2026-08-11T02:15:00+00:00,82.35,82.416,82.20599999999999,82.264,573
2026-08-11T02:30:00+00:00,82.264,82.27,82.13,82.17099999999999,939
2026-08-11T02:45:00+00:00,82.17099999999999,82.411,82.134,82.31099999999999,1031
2026-08-11T03:00:00+00:00,82.31099999999999,82.38,82.20899999999999,82.246,853
2026-08-11T03:15:00+00:00,82.246,82.37599999999999,82.205,82.22,795
2026-08-11T03:30:00+00:00,82.22,82.22,82.065,82.101,456
2026-08-11T03:45:00+00:00,82.101,82.15599999999999,82.059,82.059,255
2026-08-11T04:00:00+00:00,82.059,82.086,81.97399999999999,82.00099999999999,454
2026-08-11T04:15:00+00:00,82.00099999999999,82.03999999999999,81.904,81.981,544
2026-08-11T04:30:00+00:00,81.981,82.246,81.931,82.22099999999999,897
2026-08-11T04:45:00+00:00,82.22099999999999,82.29599999999999,82.139,82.219,649
2026-08-11T05:00:00+00:00,82.219,82.371,82.19399999999999,82.356,543
2026-08-11T05:15:00+00:00,82.356,82.521,82.31899999999999,82.36099999999999,1031
2026-08-11T05:30:00+00:00,82.36099999999999,82.51899999999999,82.12899999999999,82.225,1827
2026-08-11T05:45:00+00:00,82.225,82.476,82.22399999999999,82.42999999999999,1252
2026-08-11T06:00:00+00:00,82.42999999999999,82.521,82.279,82.494,1656
2026-08-11T06:15:00+00:00,82.494,82.791,82.454,82.779,1709
2026-08-11T06:30:00+00:00,82.779,83.639,82.701,83.57499999999999,3989
2026-08-11T06:45:00+00:00,83.57499999999999,83.701,83.40899999999999,83.425,3138
2026-08-11T07:00:00+00:00,83.425,83.615,83.199,83.57,3308
2026-08-11T07:15:00+00:00,83.57,83.95599999999999,83.494,83.676,2848
2026-08-11T07:30:00+00:00,83.676,83.931,83.615,83.64,2173
2026-08-11T07:45:00+00:00,83.64,84.021,83.636,83.934,2062
2026-08-11T08:00:00+00:00,83.934,84.246,83.699,84.18599999999999,3248
2026-08-11T08:15:00+00:00,84.18599999999999,84.40899999999999,84.13499999999999,84.339,3380
2026-08-11T08:30:00+00:00,84.339,84.426,84.169,84.17999999999999,2663
2026-08-11T08:45:00+00:00,84.17999999999999,84.50399999999999,84.17899999999999,84.48599999999999,2162
2026-08-11T09:00:00+00:00,84.48599999999999,84.585,84.294,84.521,2192
2026-08-11T09:15:00+00:00,84.521,84.55499999999999,84.175,84.184,1825
2026-08-11T09:30:00+00:00,84.184,84.42,83.939,84.42,2005
2026-08-11T09:45:00+00:00,84.42,84.426,84.056,84.18599999999999,1883
2026-08-11T10:00:00+00:00,84.18599999999999,84.326,83.939,84.01599999999999,1776
2026-08-11T10:15:00+00:00,84.01599999999999,84.12599999999999,83.359,83.58399999999999,3152
2026-08-11T10:30:00+00:00,83.58399999999999,83.791,83.53099999999999,83.64399999999999,2080
2026-08-11T10:45:00+00:00,83.64399999999999,83.645,83.229,83.446,2117
2026-08-11T11:00:00+00:00,83.446,83.476,81.639,81.755,10577
2026-08-11T11:15:00+00:00,81.755,82.326,81.72,82.28,4126
2026-08-11T11:30:00+00:00,82.28,82.431,81.829,82.00399999999999,3344
2026-08-11T11:45:00+00:00,82.00399999999999,82.276,81.97399999999999,82.11399999999999,2605
2026-08-11T12:00:00+00:00,82.11399999999999,82.396,81.809,82.115,3543
2026-08-11T12:15:00+00:00,82.115,82.726,82.094,82.446,3669
2026-08-11T12:30:00+00:00,82.446,82.49499999999999,82.25399999999999,82.425,2259
2026-08-11T12:45:00+00:00,82.425,82.604,82.30999999999999,82.529,2522
2026-08-11T13:00:00+00:00,82.529,82.53999999999999,81.695,81.835,5212
2026-08-11T13:15:00+00:00,81.835,81.954,81.414,81.51899999999999,4825
2026-08-11T13:30:00+00:00,81.51899999999999,81.916,81.47399999999999,81.505,4051
2026-08-11T13:45:00+00:00,81.505,81.61,81.25399999999999,81.6,3364
2026-08-11T14:00:00+00:00,81.6,82.101,81.59599999999999,81.99499999999999,3411
2026-08-11T14:15:00+00:00,81.99499999999999,82.24,81.949,82.18599999999999,2984
2026-08-11T14:30:00+00:00,82.18599999999999,82.416,82.08399999999999,82.30999999999999,2532
2026-08-11T14:45:00+00:00,82.30999999999999,82.666,82.199,82.539,3417
2026-08-11T15:00:00+00:00,82.539,82.69099999999999,82.24,82.404,3494
2026-08-11T15:15:00+00:00,82.404,82.66499999999999,82.36099999999999,82.564,4054
2026-08-11T15:30:00+00:00,82.564,83.294,82.55399999999999,83.18599999999999,5268
2026-08-11T15:45:00+00:00,83.18599999999999,83.306,83.064,83.235,2507
2026-08-11T16:00:00+00:00,83.235,83.244,82.889,83.08399999999999,2365
2026-08-11T16:15:00+00:00,83.08399999999999,83.101,82.76899999999999,82.774,2039
2026-08-11T16:30:00+00:00,82.774,83.056,82.765,82.964,1929
2026-08-11T16:45:00+00:00,82.964,83.175,82.89399999999999,83.11,1771
2026-08-11T17:00:00+00:00,83.11,83.216,82.94399999999999,83.125,1762
2026-08-11T17:15:00+00:00,83.125,83.315,82.954,83.235,1929
2026-08-11T17:30:00+00:00,83.235,83.271,82.964,83.11399999999999,2013
2026-08-11T17:45:00+00:00,83.11399999999999,83.291,83.08999999999999,83.259,1806
2026-08-11T18:00:00+00:00,83.259,83.33,82.97399999999999,82.999,2077
2026-08-11T18:15:00+00:00,82.999,83.23599999999999,82.88499999999999,83.13499999999999,3093
2026-08-11T18:30:00+00:00,83.13499999999999,83.256,82.976,83.125,1527
2026-08-11T18:45:00+00:00,83.125,83.20599999999999,83.086,83.13499999999999,666
2026-08-11T19:00:00+00:00,83.13499999999999,83.265,83.104,83.23599999999999,743
2026-08-11T19:15:00+00:00,83.23599999999999,83.431,83.219,83.42399999999999,793
2026-08-11T19:30:00+00:00,83.42399999999999,83.58099999999999,83.29599999999999,83.324,966
2026-08-11T19:45:00+00:00,83.324,83.48599999999999,83.321,83.386,968
2026-08-11T20:00:00+00:00,83.386,83.505,83.28399999999999,83.466,965
2026-08-11T20:15:00+00:00,83.466,83.47099999999999,83.31599999999999,83.344,566
2026-08-11T20:30:00+00:00,83.344,83.464,83.31899999999999,83.43499999999999,701
2026-08-11T20:45:00+00:00,83.43499999999999,83.46499999999999,83.176,83.219,902
2026-08-11T22:00:00+00:00,83.219,83.54899999999999,83.214,83.53,289.66778790829426
2026-08-11T22:15:00+00:00,83.53,83.586,83.48899999999999,83.50999999999999,167
2026-08-11T22:30:00+00:00,83.50999999999999,83.551,83.479,83.504,106
2026-08-11T22:45:00+00:00,83.504,83.588,83.422,83.478,112
2026-08-11T23:00:00+00:00,83.478,83.529,83.457,83.504,94
2026-08-11T23:15:00+00:00,83.504,83.504,83.442,83.483,96
2026-08-11T23:30:00+00:00,83.483,83.488,83.437,83.482,72
2026-08-11T23:45:00+00:00,83.482,83.488,83.398,83.408,117
2026-08-12T00:00:00+00:00,83.408,83.717,83.359,83.584,1172
2026-08-12T00:15:00+00:00,83.584,83.779,83.548,83.702,757
2026-08-12T00:30:00+00:00,83.702,83.788,83.647,83.738,647
2026-08-12T00:45:00+00:00,83.738,83.914,83.737,83.789,808
2026-08-12T01:00:00+00:00,83.789,83.989,83.722,83.803,1968
2026-08-12T01:15:00+00:00,83.803,84.003,83.797,83.892,1045
2026-08-12T01:30:00+00:00,83.892,83.974,83.788,83.818,1010
2026-08-12T01:45:00+00:00,83.818,83.818,83.679,83.753,883
2026-08-12T02:00:00+00:00,83.753,83.892,83.753,83.794,858
2026-08-12T02:15:00+00:00,83.794,83.844,83.777,83.809,350
2026-08-12T02:30:00+00:00,83.809,84.014,83.762,83.988,827
2026-08-12T02:45:00+00:00,83.988,84.137,83.949,84.043,947
2026-08-12T03:00:00+00:00,84.043,84.137,84.008,84.074,767
2026-08-12T03:15:00+00:00,84.074,84.168,83.942,84.004,716
2026-08-12T03:30:00+00:00,84.004,84.157,83.894,84.144,709
2026-08-12T03:45:00+00:00,84.144,84.31400000000001,84.107,84.277,757
2026-08-12T04:00:00+00:00,84.277,84.329,84.017,84.042,974
2026-08-12T04:15:00+00:00,84.042,84.108,83.967,83.983,654
2026-08-12T04:30:00+00:00,83.983,84.038,83.757,83.773,700
2026-08-12T04:45:00+00:00,83.773,83.823,83.649,83.692,555
2026-08-12T05:00:00+00:00,83.692,83.903,83.682,83.863,777
2026-08-12T05:15:00+00:00,83.863,83.903,83.708,83.768,489
2026-08-12T05:30:00+00:00,83.768,83.779,83.508,83.682,1570
2026-08-12T05:45:00+00:00,83.682,84.074,83.609,84.028,1515
2026-08-12T06:00:00+00:00,84.028,84.043,83.838,83.918,1434
2026-08-12T06:15:00+00:00,83.918,83.968,83.724,83.882,1370
2026-08-12T06:30:00+00:00,83.882,83.932,83.437,83.762,1978
2026-08-12T06:45:00+00:00,83.762,83.797,83.418,83.723,1796
2026-08-12T07:00:00+00:00,83.723,84.029,83.688,83.979,1882
2026-08-12T07:15:00+00:00,83.979,84.007,83.717,83.844,1481
2026-08-12T07:30:00+00:00,83.844,83.954,83.753,83.842,1367
2026-08-12T07:45:00+00:00,83.842,84.078,83.749,83.819,2064
2026-08-12T08:00:00+00:00,83.819,83.909,83.622,83.649,2445
2026-08-12T08:15:00+00:00,83.649,83.799,83.332,83.419,3489
2026-08-12T08:30:00+00:00,83.419,83.749,83.392,83.553,2557
2026-08-12T08:45:00+00:00,83.553,83.608,83.207,83.563,2044
2026-08-12T09:00:00+00:00,83.563,83.579,83.303,83.358,1823
2026-08-12T09:15:00+00:00,83.358,83.384,82.657,82.734,4137
2026-08-12T09:30:00+00:00,82.734,82.924,82.552,82.722,2998
2026-08-12T09:45:00+00:00,82.722,83.203,82.442,82.984,3450
2026-08-12T10:00:00+00:00,82.984,83.127,82.887,82.987,1975
2026-08-12T10:15:00+00:00,82.987,83.147,82.808,83.133,1756
2026-08-12T10:30:00+00:00,83.133,83.227,83.004,83.067,1577
2026-08-12T10:45:00+00:00,83.067,83.708,82.957,83.378,4240
2026-08-12T11:00:00+00:00,83.378,83.623,83.243,83.394,2312
2026-08-12T11:15:00+00:00,83.394,83.544,83.287,83.399,1376
2026-08-12T11:30:00+00:00,83.399,83.418,83.139,83.374,1457
2026-08-12T11:45:00+00:00,83.374,83.744,83.372,83.727,1857
2026-08-12T12:00:00+00:00,83.727,83.788,83.503,83.722,1907
2026-08-12T12:15:00+00:00,83.722,83.773,83.607,83.749,1825
2026-08-12T12:30:00+00:00,83.749,83.872,83.398,83.417,3346
2026-08-12T12:45:00+00:00,83.417,83.454,82.977,82.977,2606
2026-08-12T13:00:00+00:00,82.977,83.049,82.708,82.883,4112
2026-08-12T13:15:00+00:00,82.883,83.048,82.594,82.877,3190
2026-08-12T13:30:00+00:00,82.877,83.049,82.632,82.769,2956
2026-08-12T13:45:00+00:00,82.769,82.872,82.527,82.664,2921
2026-08-12T14:00:00+00:00,82.664,82.874,82.448,82.862,3025
2026-08-12T14:15:00+00:00,82.862,82.969,82.613,82.967,2284
2026-08-12T14:30:00+00:00,82.967,82.989,82.393,82.722,5806
2026-08-12T14:45:00+00:00,82.722,83.099,82.622,82.999,3466
2026-08-12T15:00:00+00:00,82.999,83.233,82.878,83.172,3405
2026-08-12T15:15:00+00:00,83.172,83.304,82.987,83.103,3511
2026-08-12T15:30:00+00:00,83.103,83.302,83.077,83.244,2512
2026-08-12T15:45:00+00:00,83.244,83.447,83.237,83.31400000000001,2030
2026-08-12T16:00:00+00:00,83.31400000000001,83.329,83.002,83.002,2248
2026-08-12T16:15:00+00:00,83.002,83.248,82.932,83.108,1954
2026-08-12T16:30:00+00:00,83.108,83.239,82.962,83.069,1495
2026-08-12T16:45:00+00:00,83.069,83.108,82.853,82.873,1423
2026-08-12T17:00:00+00:00,82.873,83.019,82.768,82.993,1569
2026-08-12T17:15:00+00:00,82.993,83.357,82.798,82.992,2480
2026-08-12T17:30:00+00:00,82.992,83.203,82.888,83.049,2020
2026-08-12T17:45:00+00:00,83.049,83.202,82.898,83.108,1679.7054020100502
2026-08-12T18:00:00+00:00,83.108,83.15400000000001,82.792,82.85900000000001,1887
2026-08-12T18:15:00+00:00,82.85900000000001,83.379,82.85900000000001,83.343,2977
2026-08-12T18:30:00+00:00,83.343,83.372,83.202,83.223,1397
2026-08-12T18:45:00+00:00,83.223,83.239,83.11800000000001,83.182,629
2026-08-12T19:00:00+00:00,83.182,83.19800000000001,83.03200000000001,83.098,554
2026-08-12T19:15:00+00:00,83.098,83.123,83.00800000000001,83.04700000000001,513
2026-08-12T19:30:00+00:00,83.04700000000001,83.048,82.84700000000001,82.953,625
2026-08-12T19:45:00+00:00,82.953,83.012,82.908,82.988,613
2026-08-12T20:00:00+00:00,82.988,83.00200000000001,82.772,82.864,400
2026-08-12T20:15:00+00:00,82.864,82.879,82.802,82.858,173
2026-08-12T20:30:00+00:00,82.858,82.85900000000001,82.528,82.613,770
2026-08-12T20:45:00+00:00,82.613,82.629,82.48700000000001,82.569,738
2026-08-12T22:00:00+00:00,82.569,82.825,82.569,82.739,263.5411882176735
2026-08-12T22:15:00+00:00,82.739,82.773,82.698,82.724,86
2026-08-12T22:30:00+00:00,82.724,82.728,82.634,82.675,91
2026-08-12T22:45:00+00:00,82.675,82.684,82.648,82.684,61
2026-08-12T23:00:00+00:00,82.684,82.714,82.682,82.703,65
2026-08-12T23:15:00+00:00,82.703,82.758,82.694,82.742,82
2026-08-12T23:30:00+00:00,82.742,82.773,82.692,82.709,96
2026-08-12T23:45:00+00:00,82.709,82.709,82.613,82.644,116
2026-08-13T00:00:00+00:00,82.644,82.644,82.314,82.432,860
2026-08-13T00:15:00+00:00,82.432,82.494,82.272,82.329,689
2026-08-13T00:30:00+00:00,82.329,82.359,82.247,82.252,641
2026-08-13T00:45:00+00:00,82.252,82.313,82.053,82.072,629
2026-08-13T01:00:00+00:00,82.072,82.214,81.909,82.158,2105
2026-08-13T01:15:00+00:00,82.158,82.318,82.108,82.314,1194
2026-08-13T01:30:00+00:00,82.314,82.399,82.223,82.258,1208
2026-08-13T01:45:00+00:00,82.258,82.314,82.132,82.244,1211
2026-08-13T02:00:00+00:00,82.244,82.299,82.102,82.108,1347
2026-08-13T02:15:00+00:00,82.108,82.159,82.072,82.158,391
2026-08-13T02:30:00+00:00,82.158,82.224,82.094,82.179,1111
2026-08-13T02:45:00+00:00,82.179,82.287,82.147,82.243,878
2026-08-13T03:00:00+00:00,82.243,82.269,82.014,82.053,1281
2026-08-13T03:15:00+00:00,82.053,82.409,82.047,82.409,903
2026-08-13T03:30:00+00:00,82.409,82.588,82.389,82.418,860
2026-08-13T03:45:00+00:00,82.418,82.659,82.392,82.587,533
2026-08-13T04:00:00+00:00,82.587,82.852,82.587,82.852,552
2026-08-13T04:15:00+00:00,82.852,82.958,82.848,82.954,480
2026-08-13T04:30:00+00:00,82.954,82.994,82.853,82.928,467
2026-08-13T04:45:00+00:00,82.928,82.983,82.857,82.982,442
2026-08-13T05:00:00+00:00,82.982,83.138,82.982,83.007,460
2026-08-13T05:15:00+00:00,83.007,83.083,82.907,82.973,577
2026-08-13T05:30:00+00:00,82.973,83.203,82.858,82.912,2039
2026-08-13T05:45:00+00:00,82.912,83.208,82.912,83.097,1255
2026-08-13T06:00:00+00:00,83.097,83.169,82.973,83.029,1037
2026-08-13T06:15:00+00:00,83.029,83.124,82.934,83.047,912
2026-08-13T06:30:00+00:00,83.047,83.289,82.927,82.944,1380
2026-08-13T06:45:00+00:00,82.944,83.054,82.692,82.728,1421
2026-08-13T07:00:00+00:00,82.728,82.929,82.682,82.917,1412
2026-08-13T07:15:00+00:00,82.917,83.099,82.552,82.579,1657
2026-08-13T07:30:00+00:00,82.579,82.579,81.788,81.854,2513
2026-08-13T07:45:00+00:00,81.854,82.234,81.838,82.203,1869
2026-08-13T08:00:00+00:00,82.203,82.444,82.008,82.122,2333
2026-08-13T08:15:00+00:00,82.122,82.239,81.818,82.062,3374
2026-08-13T08:30:00+00:00,82.062,82.134,81.623,81.837,2469
2026-08-13T08:45:00+00:00,81.837,81.877,81.698,81.794,1363
2026-08-13T09:00:00+00:00,81.794,81.812,81.237,81.274,2389
2026-08-13T09:15:00+00:00,81.274,81.814,81.274,81.713,2051
2026-08-13T09:30:00+00:00,81.713,81.867,81.554,81.789,1536
2026-08-13T09:45:00+00:00,81.789,81.862,81.622,81.862,1481
2026-08-13T10:00:00+00:00,81.862,82.144,81.842,82.089,1573
2026-08-13T10:15:00+00:00,82.089,82.108,81.482,81.482,1528
2026-08-13T10:30:00+00:00,81.482,81.593,81.347,81.463,1678
2026-08-13T10:45:00+00:00,81.463,81.579,81.352,81.432,1166
2026-08-13T11:00:00+00:00,81.432,81.539,81.247,81.414,1149
2026-08-13T11:15:00+00:00,81.414,81.634,81.357,81.563,1440
2026-08-13T11:30:00+00:00,81.563,81.702,81.407,81.593,1166
2026-08-13T11:45:00+00:00,81.593,81.633,81.454,81.592,1066
2026-08-13T12:00:00+00:00,81.592,81.629,81.072,81.518,2453
2026-08-13T12:15:00+00:00,81.518,81.629,81.397,81.492,1563
2026-08-13T12:30:00+00:00,81.492,81.557,81.114,81.259,2520
2026-08-13T12:45:00+00:00,81.259,81.324,81.167,81.203,1675
2026-08-13T13:00:00+00:00,81.203,81.327,80.784,80.888,4083
2026-08-13T13:15:00+00:00,80.888,81.064,80.843,81.027,2399
2026-08-13T13:30:00+00:00,81.027,81.338,80.832,81.263,2884
2026-08-13T13:45:00+00:00,81.263,81.263,80.503,80.639,3503
2026-08-13T14:00:00+00:00,80.639,80.639,80.079,80.289,3832
2026-08-13T14:15:00+00:00,80.289,80.803,80.249,80.798,3111
2026-08-13T14:30:00+00:00,80.798,81.014,80.737,80.942,2883
2026-08-13T14:45:00+00:00,80.942,81.269,80.899,81.212,2344
2026-08-13T15:00:00+00:00,81.212,82.043,81.197,82.034,3895
2026-08-13T15:15:00+00:00,82.034,82.717,81.984,82.604,5998
2026-08-13T15:30:00+00:00,82.604,82.614,82.032,82.339,3862
2026-08-13T15:45:00+00:00,82.339,82.672,82.309,82.552,2500
2026-08-13T16:00:00+00:00,82.552,82.654,82.402,82.507,1949
2026-08-13T16:15:00+00:00,82.507,82.577,82.223,82.279,1878
2026-08-13T16:30:00+00:00,82.279,82.304,81.878,81.923,2406
2026-08-13T16:45:00+00:00,81.923,82.042,81.813,81.922,2000
2026-08-13T17:00:00+00:00,81.922,82.128,81.847,82.064,1825
2026-08-13T17:15:00+00:00,82.064,82.093,81.817,81.837,1397
2026-08-13T17:30:00+00:00,81.837,82.043,81.807,82.034,1378
2026-08-13T17:45:00+00:00,82.034,82.058,81.782,81.802,1686
2026-08-13T18:00:00+00:00,81.802,81.802,81.047,81.188,2980
2026-08-13T18:15:00+00:00,81.188,81.568,81.063,81.163,3793
2026-08-13T18:30:00+00:00,81.163,81.179,80.843,80.987,1965
2026-08-13T18:45:00+00:00,80.987,81.187,80.902,81.134,904
2026-08-13T19:00:00+00:00,81.134,81.212,81.034,81.204,884
2026-08-13T19:15:00+00:00,81.204,81.298,81.142,81.204,683
2026-08-13T19:30:00+00:00,81.204,81.272,81.193,81.262,431
2026-08-13T19:45:00+00:00,81.262,81.327,81.107,81.257,893
2026-08-13T20:00:00+00:00,81.257,81.264,81.062,81.133,707
2026-08-13T20:15:00+00:00,81.133,81.268,81.119,81.264,419
2026-08-13T20:30:00+00:00,81.264,81.279,81.072,81.199,765
2026-08-13T20:45:00+00:00,81.199,81.204,81.079,81.174,888
2026-08-13T22:00:00+00:00,81.174,81.225,81.02,81.063,194.88282477466302
2026-08-13T22:15:00+00:00,81.063,81.105,81.033,81.068,87
2026-08-13T22:30:00+00:00,81.068,81.079,80.916,80.93699999999998,51.76911076443058
2026-08-13T22:45:00+00:00,80.93699999999998,80.975,80.91699999999999,80.93999999999998,73
2026-08-13T23:00:00+00:00,80.93999999999998,81.02,80.91999999999999,81.002,82
2026-08-13T23:15:00+00:00,81.002,81.097,81.002,81.07999999999998,88
2026-08-13T23:30:00+00:00,81.07999999999998,81.192,81.05999999999999,81.18199999999999,156
2026-08-13T23:45:00+00:00,81.18199999999999,81.22099999999999,81.13999999999999,81.18199999999999,193
2026-08-14T00:00:00+00:00,81.18199999999999,81.28699999999999,81.13999999999999,81.207,736
2026-08-14T00:15:00+00:00,81.207,81.237,81.04499999999999,81.076,487
2026-08-14T00:30:00+00:00,81.076,81.12199999999999,80.99099999999999,81.00699999999999,386
2026-08-14T00:45:00+00:00,81.00699999999999,81.041,80.901,80.91199999999999,573
2026-08-14T01:00:00+00:00,80.91199999999999,81.21199999999999,80.85499999999999,81.05199999999999,1779
2026-08-14T01:15:00+00:00,81.05199999999999,81.25099999999999,80.975,81.16699999999999,1056
2026-08-14T01:30:00+00:00,81.16699999999999,81.17699999999999,80.77,80.83599999999998,1325
2026-08-14T01:45:00+00:00,80.83599999999998,80.877,80.68599999999999,80.782,879
2026-08-14T02:00:00+00:00,80.782,80.80999999999999,80.615,80.77499999999999,1118
2026-08-14T02:15:00+00:00,80.77499999999999,80.826,80.64699999999999,80.692,389
2026-08-14T02:30:00+00:00,80.692,81.14099999999999,80.675,81.10199999999999,1283
2026-08-14T02:45:00+00:00,81.10199999999999,81.252,81.08599999999998,81.21999999999998,933
2026-08-14T03:00:00+00:00,81.21999999999998,81.23199999999999,81.05999999999999,81.157,646
2026-08-14T03:15:00+00:00,81.157,81.18199999999999,81.06199999999998,81.16199999999999,564
2026-08-14T03:30:00+00:00,81.16199999999999,81.33099999999999,81.16,81.201,609
2026-08-14T03:45:00+00:00,81.201,81.25699999999999,81.15499999999999,81.19999999999999,284
2026-08-14T04:00:00+00:00,81.19999999999999,81.30999999999999,81.18599999999999,81.201,390
2026-08-14T04:15:00+00:00,81.201,81.21699999999998,81.05999999999999,81.15499999999999,439
2026-08-14T04:30:00+00:00,81.15499999999999,81.23199999999999,81.13499999999999,81.192,439
2026-08-14T04:45:00+00:00,81.192,81.27699999999999,81.15599999999999,81.24199999999999,340
2026-08-14T05:00:00+00:00,81.24199999999999,81.282,81.13,81.16,507
2026-08-14T05:15:00+00:00,81.16,81.27699999999999,81.13999999999999,81.27199999999999,454
2026-08-14T05:30:00+00:00,81.27199999999999,81.59199999999998,81.26599999999999,81.47099999999999,1592
2026-08-14T05:45:00+00:00,81.47099999999999,81.84199999999998,81.41,81.83599999999998,1409
2026-08-14T06:00:00+00:00,81.83599999999998,81.957,81.66999999999999,81.72099999999999,1478
2026-08-14T06:15:00+00:00,81.72099999999999,82.10199999999999,81.72099999999999,82.05999999999999,1323
2026-08-14T06:30:00+00:00,82.05999999999999,82.13199999999999,81.85,81.99099999999999,1211
2026-08-14T06:45:00+00:00,81.99099999999999,82.07699999999998,81.922,82.02699999999999,1550
2026-08-14T07:00:00+00:00,82.02699999999999,82.84599999999999,82.01499999999999,82.82199999999999,1841
2026-08-14T07:15:00+00:00,82.82199999999999,82.84199999999998,82.50699999999999,82.59499999999998,1520
2026-08-14T07:30:00+00:00,82.59499999999998,82.70199999999998,82.55,82.666,1167
2026-08-14T07:45:00+00:00,82.666,82.77199999999999,82.52499999999999,82.73499999999999,1232
2026-08-14T08:00:00+00:00,82.73499999999999,82.82,82.535,82.69699999999999,1983
2026-08-14T08:15:00+00:00,82.69699999999999,82.746,82.32499999999999,82.38699999999999,3422
2026-08-14T08:30:00+00:00,82.38699999999999,82.57199999999999,82.07499999999999,82.42099999999999,2374
2026-08-14T08:45:00+00:00,82.42099999999999,82.47699999999999,82.29499999999999,82.39999999999999,1308
2026-08-14T09:00:00+00:00,82.39999999999999,82.46199999999999,82.16099999999999,82.181,1464
2026-08-14T09:15:00+00:00,82.181,82.24199999999999,81.951,82.01199999999999,1521
2026-08-14T09:30:00+00:00,82.01199999999999,82.31199999999998,81.87599999999999,82.13,1488
2026-08-14T09:45:00+00:00,82.13,82.216,81.88999999999999,81.94999999999999,1690
2026-08-14T10:00:00+00:00,81.94999999999999,81.94999999999999,81.61699999999999,81.692,1619
2026-08-14T10:15:00+00:00,81.692,81.79199999999999,81.57699999999998,81.692,1256
2026-08-14T10:30:00+00:00,81.692,81.74699999999999,81.52999999999999,81.58599999999998,1186
2026-08-14T10:45:00+00:00,81.58599999999998,81.63199999999999,81.27999999999999,81.37499999999999,1677
2026-08-14T11:00:00+00:00,81.37499999999999,81.71,81.35099999999998,81.55199999999999,1596
2026-08-14T11:15:00+00:00,81.55199999999999,81.636,81.42099999999999,81.54499999999999,1269
2026-08-14T11:30:00+00:00,81.54499999999999,81.57699999999998,81.29599999999999,81.36099999999999,1187
2026-08-14T11:45:00+00:00,81.36099999999999,81.50699999999999,81.291,81.42699999999999,1408
2026-08-14T12:00:00+00:00,81.42699999999999,82.02,81.36599999999999,81.755,2160
2026-08-14T12:15:00+00:00,81.755,81.91,81.63099999999999,81.63999999999999,1604
2026-08-14T12:30:00+00:00,81.63999999999999,81.666,81.17099999999999,81.19599999999998,2257
2026-08-14T12:45:00+00:00,81.19599999999998,81.21699999999998,80.97999999999999,81.002,1868
2026-08-14T13:00:00+00:00,81.002,81.31199999999998,80.94999999999999,81.261,2883
2026-08-14T13:15:00+00:00,81.261,81.37199999999999,80.922,81.14699999999999,2458
2026-08-14T13:30:00+00:00,81.14699999999999,81.15199999999999,80.63099999999999,80.74,3360
2026-08-14T13:45:00+00:00,80.74,81.056,80.68199999999999,81.01499999999999,2318
2026-08-14T14:00:00+00:00,81.01499999999999,81.38099999999999,80.99499999999999,81.06499999999998,3092
2026-08-14T14:15:00+00:00,81.06499999999998,81.392,81.01599999999999,81.22699999999999,2745
2026-08-14T14:30:00+00:00,81.22699999999999,81.63,81.225,81.556,2542
2026-08-14T14:45:00+00:00,81.556,81.71699999999998,81.19999999999999,81.56499999999998,2804
2026-08-14T15:00:00+00:00,81.56499999999998,81.69999999999999,81.40499999999999,81.53599999999999,2510
2026-08-14T15:15:00+00:00,81.53599999999999,81.73499999999999,81.201,81.58699999999999,3772
2026-08-14T15:30:00+00:00,81.58699999999999,81.767,81.36699999999999,81.44599999999998,2356
2026-08-14T15:45:00+00:00,81.44599999999998,81.627,81.416,81.51199999999999,1594
2026-08-14T16:00:00+00:00,81.51199999999999,81.68599999999999,81.38,81.56099999999999,1558
2026-08-14T16:15:00+00:00,81.56099999999999,81.841,81.53999999999999,81.78099999999999,1408
2026-08-14T16:30:00+00:00,81.78099999999999,81.85199999999999,81.63699999999999,81.83999999999999,1099
2026-08-14T16:45:00+00:00,81.83999999999999,81.87199999999999,81.71,81.77,1561
2026-08-14T17:00:00+00:00,81.77,82.15199999999999,81.69999999999999,82.067,2111
2026-08-14T17:15:00+00:00,82.067,82.13099999999999,81.91999999999999,82.03099999999999,1609
2026-08-14T17:30:00+00:00,82.03099999999999,82.157,81.99499999999999,82.14599999999999,1225
2026-08-14T17:45:00+00:00,82.14599999999999,82.25699999999999,82.08699999999999,82.14099999999999,1367
2026-08-14T18:00:00+00:00,82.14099999999999,82.172,81.94999999999999,82.1,1422
2026-08-14T18:15:00+00:00,82.1,82.30099999999999,82.08999999999999,82.261,2148
2026-08-14T18:30:00+00:00,82.261,82.52699999999999,82.25999999999999,82.36999999999999,1305
2026-08-14T18:45:00+00:00,82.36999999999999,82.40199999999999,82.16999999999999,82.25999999999999,715
2026-08-14T19:00:00+00:00,82.25999999999999,82.27199999999999,82.16199999999999,82.20599999999999,646
2026-08-14T19:15:00+00:00,82.20599999999999,82.22599999999998,82.05099999999999,82.17099999999999,833
2026-08-14T19:30:00+00:00,82.17099999999999,82.21099999999998,82.112,82.181,488
2026-08-14T19:45:00+00:00,82.181,82.27199999999999,82.08599999999998,82.237,839
2026-08-14T20:00:00+00:00,82.237,82.38199999999999,82.11599999999999,82.29599999999999,779
2026-08-14T20:15:00+00:00,82.29599999999999,82.29599999999999,82.11099999999999,82.12199999999999,608
2026-08-14T20:30:00+00:00,82.12199999999999,82.27999999999999,82.08599999999998,82.21699999999998,720
2026-08-16T22:00:00+00:00,82.21699999999998,82.585,82.21699999999998,82.46499999999999,638.8240729021643
2026-08-16T22:15:00+00:00,82.46499999999999,82.46699999999998,82.34199999999998,82.36599999999999,223
2026-08-16T22:30:00+00:00,82.36599999999999,82.37199999999999,82.13999999999999,82.175,235
2026-08-16T22:45:00+00:00,82.175,82.27499999999999,82.17099999999999,82.24999999999999,179
2026-08-16T23:00:00+00:00,82.24999999999999,82.31099999999999,82.18499999999999,82.252,137
2026-08-16T23:15:00+00:00,82.252,82.32999999999998,82.24199999999999,82.317,153
2026-08-16T23:30:00+00:00,82.317,82.34199999999998,82.231,82.261,156
2026-08-16T23:45:00+00:00,82.261,82.261,82.14699999999999,82.18599999999999,170
2026-08-17T00:00:00+00:00,82.18599999999999,82.192,81.945,81.951,639
2026-08-17T00:15:00+00:00,81.951,82.026,81.89999999999999,82.02199999999999,399
2026-08-17T00:30:00+00:00,82.02199999999999,82.142,81.96099999999998,82.00599999999999,419
2026-08-17T00:45:00+00:00,82.00599999999999,82.05099999999999,81.71499999999999,81.74,579
2026-08-17T01:00:00+00:00,81.74,82.231,81.57699999999998,82.01199999999999,3000
2026-08-17T01:15:00+00:00,82.01199999999999,82.26199999999999,81.93499999999999,82.255,2080
2026-08-17T01:30:00+00:00,82.255,82.66699999999999,82.23499999999999,82.63999999999999,2049
2026-08-17T01:45:00+00:00,82.63999999999999,82.77,82.291,82.44599999999998,1742
2026-08-17T02:00:00+00:00,82.44599999999998,82.88999999999999,82.422,82.81199999999998,1729
2026-08-17T02:15:00+00:00,82.81199999999998,82.817,82.66,82.70599999999999,566
2026-08-17T02:30:00+00:00,82.70599999999999,82.80099999999999,82.326,82.416,2033
2026-08-17T02:45:00+00:00,82.416,82.52699999999999,82.12599999999999,82.276,1749
2026-08-17T03:00:00+00:00,82.276,82.30199999999999,82.13499999999999,82.18599999999999,1342
2026-08-17T03:15:00+00:00,82.18599999999999,82.32199999999999,82.136,82.27,1168
2026-08-17T03:30:00+00:00,82.27,82.44599999999998,82.26199999999999,82.39599999999999,829
2026-08-17T03:45:00+00:00,82.39599999999999,82.39699999999999,81.99999999999999,82.01499999999999,593
2026-08-17T04:00:00+00:00,82.01499999999999,82.05,81.81499999999998,81.93499999999999,911
2026-08-17T04:15:00+00:00,81.93499999999999,82.18999999999998,81.91199999999999,82.172,738
2026-08-17T04:30:00+00:00,82.172,82.25099999999999,82.03599999999999,82.056,824
2026-08-17T04:45:00+00:00,82.056,82.11099999999999,81.98499999999999,81.99999999999999,886
2026-08-17T05:00:00+00:00,81.99999999999999,82.067,81.93199999999999,82.05499999999999,497
2026-08-17T05:15:00+00:00,82.05499999999999,82.056,81.90599999999999,81.97999999999999,425
2026-08-17T05:30:00+00:00,81.97999999999999,82.04599999999999,81.77499999999999,81.96,2012
2026-08-17T05:45:00+00:00,81.96,81.99699999999999,81.64599999999999,81.70199999999998,1986
2026-08-17T06:00:00+00:00,81.70199999999998,81.83999999999999,81.496,81.72999999999999,1833
2026-08-17T06:15:00+00:00,81.72999999999999,81.78699999999999,81.55499999999999,81.63499999999999,1509
2026-08-17T06:30:00+00:00,81.63499999999999,81.72099999999999,81.57,81.66199999999999,1305
2026-08-17T06:45:00+00:00,81.66199999999999,81.73199999999999,81.55,81.71199999999999,1546
2026-08-17T07:00:00+00:00,81.71199999999999,81.82199999999999,81.55199999999999,81.63199999999999,2044
2026-08-17T07:15:00+00:00,81.63199999999999,81.67699999999999,81.39999999999999,81.657,1636
2026-08-17T07:30:00+00:00,81.657,81.90499999999999,81.466,81.60999999999999,2187
2026-08-17T07:45:00+00:00,81.60999999999999,82.06499999999998,81.58999999999999,81.81199999999998,2123
2026-08-17T08:00:00+00:00,81.81199999999998,82.11999999999999,81.68599999999999,82.01199999999999,2347
2026-08-17T08:15:00+00:00,82.01199999999999,82.192,81.901,81.981,2832
2026-08-17T08:30:00+00:00,81.981,82.181,81.895,82.067,2222
2026-08-17T08:45:00+00:00,82.067,82.24,81.90499999999999,82.231,1943
2026-08-17T09:00:00+00:00,82.231,82.64599999999999,82.20499999999998,82.466,2199
2026-08-17T09:15:00+00:00,82.466,82.46699999999998,82.19599999999998,82.40499999999999,1579
2026-08-17T09:30:00+00:00,82.40499999999999,82.80099999999999,82.33699999999999,82.62499999999999,2148
2026-08-17T09:45:00+00:00,82.62499999999999,83.01199999999999,82.49,82.82199999999999,2278
2026-08-17T10:00:00+00:00,82.82199999999999,83.07699999999998,82.74499999999999,82.99,1972
2026-08-17T10:15:00+00:00,82.99,83.017,81.86099999999999,81.97599999999998,2604
2026-08-17T10:30:00+00:00,81.97599999999998,82.84499999999998,81.755,82.72099999999999,5162
2026-08-17T10:45:00+00:00,82.72099999999999,82.832,82.37599999999999,82.70199999999998,2376
2026-08-17T11:00:00+00:00,82.70199999999998,82.77199999999999,82.36999999999999,82.63199999999999,2359
2026-08-17T11:15:00+00:00,82.63199999999999,82.63199999999999,82.41,82.481,1672
2026-08-17T11:30:00+00:00,82.481,82.50599999999999,82.26499999999999,82.35199999999999,1561
2026-08-17T11:45:00+00:00,82.35199999999999,82.46199999999999,82.18499999999999,82.231,1434
2026-08-17T12:00:00+00:00,82.231,82.38199999999999,82.13499999999999,82.142,1635
2026-08-17T12:15:00+00:00,82.142,82.99199999999999,82.06499999999998,82.66999999999999,4034
2026-08-17T12:30:00+00:00,82.66999999999999,82.95199999999998,82.43999999999998,82.80499999999999,3474
2026-08-17T12:45:00+00:00,82.80499999999999,82.99199999999999,82.791,82.85,2483
2026-08-17T13:00:00+00:00,82.85,82.981,82.44699999999999,82.50999999999999,3362
2026-08-17T13:15:00+00:00,82.50999999999999,82.862,82.31199999999998,82.63699999999999,2965
2026-08-17T13:30:00+00:00,82.63699999999999,82.752,82.47999999999999,82.60999999999999,3152
2026-08-17T13:45:00+00:00,82.60999999999999,82.65199999999999,82.40599999999999,82.48199999999999,2628
2026-08-17T14:00:00+00:00,82.48199999999999,82.56199999999998,82.225,82.341,2775
2026-08-17T14:15:00+00:00,82.341,82.40199999999999,82.05499999999999,82.24499999999999,2664
2026-08-17T14:30:00+00:00,82.24499999999999,82.45199999999998,82.16999999999999,82.255,2990
2026-08-17T14:45:00+00:00,82.255,82.31199999999998,81.95499999999998,82.02999999999999,3197
2026-08-17T15:00:00+00:00,82.02999999999999,82.32099999999998,82.026,82.23499999999999,3162
2026-08-17T15:15:00+00:00,82.23499999999999,82.68199999999999,82.21999999999998,82.44099999999999,3659
2026-08-17T15:30:00+00:00,82.44099999999999,82.63499999999999,82.31499999999998,82.52099999999999,3105
2026-08-17T15:45:00+00:00,82.52099999999999,82.746,82.46,82.67699999999999,2164
2026-08-17T16:00:00+00:00,82.67699999999999,82.75599999999999,82.21999999999998,82.22099999999999,2223
2026-08-17T16:15:00+00:00,82.22099999999999,82.44099999999999,82.19699999999999,82.42599999999999,1589
2026-08-17T16:30:00+00:00,82.42599999999999,82.66199999999999,82.41499999999999,82.63199999999999,1951
2026-08-17T16:45:00+00:00,82.63199999999999,82.722,82.60199999999999,82.707,1439
2026-08-17T17:00:00+00:00,82.707,83.33099999999999,82.66,83.28699999999999,2942
2026-08-17T17:15:00+00:00,83.28699999999999,83.85,83.285,83.76599999999999,3611
2026-08-17T17:30:00+00:00,83.76599999999999,84.29599999999999,83.72599999999998,83.98599999999999,3755
2026-08-17T17:45:00+00:00,83.98599999999999,84.72599999999998,83.91099999999999,84.63099999999999,3333
2026-08-17T18:00:00+00:00,84.63099999999999,84.722,84.362,84.48199999999999,3480
2026-08-17T18:15:00+00:00,84.48199999999999,84.65199999999999,84.29499999999999,84.30699999999999,4037
2026-08-17T18:30:00+00:00,84.30699999999999,84.35199999999999,83.99,84.05499999999999,2011
2026-08-17T18:45:00+00:00,84.05499999999999,84.17699999999999,84.01599999999999,84.10999999999999,1212
2026-08-17T19:00:00+00:00,84.10999999999999,84.33699999999999,84.07999999999998,84.17699999999999,1135
2026-08-17T19:15:00+00:00,84.17699999999999,84.30699999999999,84.17099999999999,84.24699999999999,921
2026-08-17T19:30:00+00:00,84.24699999999999,84.29499999999999,84.13999999999999,84.23499999999999,606
2026-08-17T19:45:00+00:00,84.23499999999999,84.54199999999999,84.23199999999999,84.50699999999999,956
2026-08-17T20:00:00+00:00,84.50699999999999,84.615,84.36999999999999,84.53699999999999,1044
2026-08-17T20:15:00+00:00,84.53699999999999,84.71199999999999,84.50599999999999,84.707,939
2026-08-17T20:30:00+00:00,84.707,84.88699999999999,84.675,84.80199999999999,886
2026-08-17T20:45:00+00:00,84.80199999999999,84.847,84.74499999999999,84.82499999999999,1509
2026-08-17T22:00:00+00:00,84.82499999999999,85.20199999999998,84.71,85.11999999999999,423.3434548888566
2026-08-17T22:15:00+00:00,85.11999999999999,85.16099999999999,84.89699999999999,84.91999999999999,192
2026-08-17T22:30:00+00:00,84.91999999999999,84.99099999999999,84.86599999999999,84.94699999999999,144
2026-08-17T22:45:00+00:00,84.94699999999999,84.96199999999999,84.81099999999999,84.82199999999999,110
2026-08-17T23:00:00+00:00,84.82199999999999,84.90199999999999,84.81199999999998,84.877,127
2026-08-17T23:15:00+00:00,84.877,84.901,84.82499999999999,84.865,104
2026-08-17T23:30:00+00:00,84.865,84.877,84.74999999999999,84.77499999999999,123
2026-08-17T23:45:00+00:00,84.77499999999999,84.77499999999999,84.66,84.72699999999999,165.06739968584893
2026-08-18T00:00:00+00:00,84.72699999999999,84.826,84.66699999999999,84.74199999999999,685
2026-08-18T00:15:00+00:00,84.74199999999999,84.842,84.67599999999999,84.74199999999999,537
2026-08-18T00:30:00+00:00,84.74199999999999,84.79499999999999,84.655,84.672,386
2026-08-18T00:45:00+00:00,84.672,84.791,84.57499999999999,84.585,634
2026-08-18T01:00:00+00:00,84.585,84.872,84.455,84.576,1799
2026-08-18T01:15:00+00:00,84.576,84.777,84.55499999999999,84.722,922
2026-08-18T01:30:00+00:00,84.722,84.99199999999999,84.60499999999999,84.80499999999999,1224
2026-08-18T01:45:00+00:00,84.80499999999999,84.902,84.69,84.767,762
2026-08-18T02:00:00+00:00,84.767,84.91999999999999,84.746,84.80499999999999,842
2026-08-18T02:15:00+00:00,84.80499999999999,84.81599999999999,84.72099999999999,84.78099999999999,398
2026-08-18T02:30:00+00:00,84.78099999999999,84.94099999999999,84.73599999999999,84.892,688
2026-08-18T02:45:00+00:00,84.892,84.966,84.77199999999999,84.86999999999999,647
2026-08-18T03:00:00+00:00,84.86999999999999,85.05699999999999,84.815,84.97999999999999,679
2026-08-18T03:15:00+00:00,84.97999999999999,84.97999999999999,84.85199999999999,84.872,576
2026-08-18T03:30:00+00:00,84.872,85.026,84.845,84.91,577
2026-08-18T03:45:00+00:00,84.91,85.12599999999999,84.896,85.115,401
2026-08-18T04:00:00+00:00,85.115,85.217,85.04599999999999,85.086,583
2026-08-18T04:15:00+00:00,85.086,85.112,84.975,85.05099999999999,512
2026-08-18T04:30:00+00:00,85.05099999999999,85.092,84.97,84.99199999999999,278
2026-08-18T04:45:00+00:00,84.99199999999999,85.02,84.951,84.991,194
2026-08-18T05:00:00+00:00,84.991,85.13199999999999,84.987,85.06599999999999,309
2026-08-18T05:15:00+00:00,85.06599999999999,85.201,85.015,85.095,525
2026-08-18T05:30:00+00:00,85.095,85.192,84.87599999999999,84.97099999999999,1027
2026-08-18T05:45:00+00:00,84.97099999999999,85.006,84.82,84.96199999999999,726
2026-08-18T06:00:00+00:00,84.96199999999999,85.35,84.96199999999999,85.22999999999999,1144
2026-08-18T06:15:00+00:00,85.22999999999999,85.381,85.14699999999999,85.30099999999999,813
2026-08-18T06:30:00+00:00,85.30099999999999,85.497,85.286,85.372,840
2026-08-18T06:45:00+00:00,85.372,85.386,85.02,85.03699999999999,1021
2026-08-18T07:00:00+00:00,85.03699999999999,85.16499999999999,84.785,84.89999999999999,1487
2026-08-18T07:15:00+00:00,84.89999999999999,84.91699999999999,84.67599999999999,84.717,1007
2026-08-18T07:30:00+00:00,84.717,84.991,84.701,84.99,1030
2026-08-18T07:45:00+00:00,84.99,85.152,84.91,85.07199999999999,1049
2026-08-18T08:00:00+00:00,85.07199999999999,85.351,84.97099999999999,85.076,1274
2026-08-18T08:15:00+00:00,85.076,85.3,84.996,85.09599999999999,2120
2026-08-18T08:30:00+00:00,85.09599999999999,85.18599999999999,84.741,84.78099999999999,1615
2026-08-18T08:45:00+00:00,84.78099999999999,85.082,84.78,84.826,982
2026-08-18T09:00:00+00:00,84.826,84.91699999999999,84.761,84.856,952
2026-08-18T09:15:00+00:00,84.856,84.972,84.76599999999999,84.92699999999999,875
2026-08-18T09:30:00+00:00,84.92699999999999,84.97099999999999,84.696,84.791,1025
2026-08-18T09:45:00+00:00,84.791,85.00999999999999,84.67099999999999,84.776,1072
2026-08-18T10:00:00+00:00,84.776,85.017,84.69999999999999,84.91699999999999,892
2026-08-18T10:15:00+00:00,84.91699999999999,85.13199999999999,84.896,84.92999999999999,1050
2026-08-18T10:30:00+00:00,84.92999999999999,84.98599999999999,84.612,84.652,1306
2026-08-18T10:45:00+00:00,84.652,84.81099999999999,84.607,84.722,1058
2026-08-18T11:00:00+00:00,84.722,84.782,84.606,84.755,1303
2026-08-18T11:15:00+00:00,84.755,84.872,84.69699999999999,84.765,848
2026-08-18T11:30:00+00:00,84.765,84.857,84.695,84.73599999999999,723
2026-08-18T11:45:00+00:00,84.73599999999999,84.952,84.725,84.872,887
2026-08-18T12:00:00+00:00,84.872,85.172,84.71199999999999,85.086,1804
2026-08-18T12:15:00+00:00,85.086,85.181,84.92599999999999,84.96,1477
2026-08-18T12:30:00+00:00,84.96,85.101,84.83,85.026,1402
2026-08-18T12:45:00+00:00,85.026,85.10199999999999,84.92099999999999,85.036,1071
2026-08-18T13:00:00+00:00,85.036,85.232,84.967,85,2232
2026-08-18T13:15:00+00:00,85,85.54199999999999,85,85.422,2268
2026-08-18T13:30:00+00:00,85.422,85.73599999999999,84.90599999999999,85.005,3587
2026-08-18T13:45:00+00:00,85.005,85.28699999999999,84.71499999999999,85.211,2321
2026-08-18T14:00:00+00:00,85.211,85.252,84.716,84.765,2359
2026-08-18T14:15:00+00:00,84.765,84.815,84.55,84.586,1903
2026-08-18T14:30:00+00:00,84.586,84.75099999999999,84.41,84.67599999999999,2023
2026-08-18T14:45:00+00:00,84.67599999999999,85.24199999999999,84.547,85.196,3598
2026-08-18T15:00:00+00:00,85.196,85.231,84.75099999999999,84.89699999999999,2895
2026-08-18T15:15:00+00:00,84.89699999999999,85.482,84.89699999999999,85.46199999999999,3035
2026-08-18T15:30:00+00:00,85.46199999999999,85.69099999999999,85.35,85.56599999999999,2658
2026-08-18T15:45:00+00:00,85.56599999999999,85.606,85.29599999999999,85.446,2185
2026-08-18T16:00:00+00:00,85.446,85.446,85.03099999999999,85.09599999999999,1644
2026-08-18T16:15:00+00:00,85.09599999999999,85.196,84.877,85.131,1523
2026-08-18T16:30:00+00:00,85.131,85.315,85.026,85.076,1417
2026-08-18T16:45:00+00:00,85.076,85.112,84.79199999999999,84.905,1134
2026-08-18T17:00:00+00:00,84.905,84.997,84.845,84.99199999999999,1225
2026-08-18T17:15:00+00:00,84.99199999999999,85.05999999999999,84.747,84.89699999999999,1468
2026-08-18T17:30:00+00:00,84.89699999999999,85.00699999999999,84.79599999999999,84.93199999999999,986
2026-08-18T17:45:00+00:00,84.93199999999999,84.93199999999999,84.72999999999999,84.746,1056
2026-08-18T18:00:00+00:00,84.746,84.88199999999999,84.642,84.67999999999999,1277
2026-08-18T18:15:00+00:00,84.67999999999999,84.911,84.601,84.717,2281
2026-08-18T18:30:00+00:00,84.717,84.83699999999999,84.607,84.812,1013
2026-08-18T18:45:00+00:00,84.812,84.847,84.74499999999999,84.79199999999999,654
2026-08-18T19:00:00+00:00,84.79199999999999,84.922,84.77499999999999,84.832,581
2026-08-18T19:15:00+00:00,84.832,84.83699999999999,84.735,84.785,553
2026-08-18T19:30:00+00:00,84.785,84.786,84.69699999999999,84.755,422
2026-08-18T19:45:00+00:00,84.755,84.886,84.747,84.806,645
2026-08-18T20:00:00+00:00,84.806,84.957,84.765,84.94699999999999,506
2026-08-18T20:15:00+00:00,84.94699999999999,84.996,84.92699999999999,84.951,420
2026-08-18T20:30:00+00:00,84.951,85.161,84.91699999999999,85.15599999999999,1425
2026-08-18T20:45:00+00:00,85.15599999999999,85.225,85.065,85.12599999999999,596
2026-08-18T22:00:00+00:00,85.12599999999999,85.29499999999999,85.12599999999999,85.276,298.48721211350045
2026-08-18T22:15:00+00:00,85.276,85.282,85.085,85.142,256
2026-08-18T22:30:00+00:00,85.142,85.202,85.095,85.155,143
2026-08-18T22:45:00+00:00,85.155,85.161,85.1,85.11999999999999,94
2026-08-18T23:00:00+00:00,85.11999999999999,85.196,85.10499999999999,85.151,168
2026-08-18T23:15:00+00:00,85.151,85.192,85.14099999999999,85.15599999999999,73
2026-08-18T23:30:00+00:00,85.15599999999999,85.217,85.11999999999999,85.14699999999999,158
2026-08-18T23:45:00+00:00,85.14699999999999,85.252,85.136,85.22099999999999,192
2026-08-19T00:00:00+00:00,85.22099999999999,85.231,85.07499999999999,85.216,880
2026-08-19T00:15:00+00:00,85.216,85.567,85.195,85.53,760
2026-08-19T00:30:00+00:00,85.53,85.67599999999999,85.31599999999999,85.451,1133
2026-08-19T00:45:00+00:00,85.451,85.51599999999999,85.36,85.475,714
2026-08-19T01:00:00+00:00,85.475,85.68199999999999,85.445,85.57,1845
2026-08-19T01:15:00+00:00,85.57,85.752,85.46,85.63199999999999,1876
2026-08-19T01:30:00+00:00,85.63199999999999,85.701,85.466,85.61099999999999,1558
2026-08-19T01:45:00+00:00,85.61099999999999,85.847,85.59599999999999,85.72099999999999,997
2026-08-19T02:00:00+00:00,85.72099999999999,85.79499999999999,85.55499999999999,85.636,1373
2026-08-19T02:15:00+00:00,85.636,85.726,85.53999999999999,85.53999999999999,856
2026-08-19T02:30:00+00:00,85.53999999999999,85.64,85.33999999999999,85.44099999999999,1290
2026-08-19T02:45:00+00:00,85.44099999999999,85.55199999999999,85.356,85.43599999999999,1204
2026-08-19T03:00:00+00:00,85.43599999999999,85.622,85.42999999999999,85.536,1204
2026-08-19T03:15:00+00:00,85.536,85.567,85.42699999999999,85.502,882
2026-08-19T03:30:00+00:00,85.502,85.50999999999999,85.31599999999999,85.351,707
2026-08-19T03:45:00+00:00,85.351,85.44699999999999,85.336,85.41,380
2026-08-19T04:00:00+00:00,85.41,85.58099999999999,85.405,85.512,429
2026-08-19T04:15:00+00:00,85.512,85.517,85.365,85.41199999999999,429
2026-08-19T04:30:00+00:00,85.41199999999999,85.442,85.35499999999999,85.392,508
2026-08-19T04:45:00+00:00,85.392,85.41199999999999,85.25,85.317,583
2026-08-19T05:00:00+00:00,85.317,85.396,85.25999999999999,85.286,627
2026-08-19T05:15:00+00:00,85.286,85.395,85.247,85.32199999999999,596
2026-08-19T05:30:00+00:00,85.32199999999999,85.481,85.24,85.46,1268
2026-08-19T05:45:00+00:00,85.46,85.512,85.375,85.497,1118
2026-08-19T06:00:00+00:00,85.497,85.741,85.455,85.491,1595
2026-08-19T06:15:00+00:00,85.491,85.497,85.25999999999999,85.291,1223
2026-08-19T06:30:00+00:00,85.291,85.482,85.16,85.33999999999999,1312
2026-08-19T06:45:00+00:00,85.33999999999999,85.43599999999999,85.235,85.27,1152
2026-08-19T07:00:00+00:00,85.27,85.58999999999999,85.27,85.49199999999999,1476
2026-08-19T07:15:00+00:00,85.49199999999999,85.70599999999999,85.16199999999999,85.20599999999999,1521
2026-08-19T07:30:00+00:00,85.20599999999999,85.28699999999999,85.027,85.106,1643
2026-08-19T07:45:00+00:00,85.106,85.442,85.085,85.41,1249
2026-08-19T08:00:00+00:00,85.41,85.442,85.216,85.332,1524
2026-08-19T08:15:00+00:00,85.332,85.392,84.96499999999999,84.982,2240
2026-08-19T08:30:00+00:00,84.982,85.19699999999999,84.961,85.097,1666
2026-08-19T08:45:00+00:00,85.097,85.756,85.091,85.68499999999999,1831
2026-08-19T09:00:00+00:00,85.68499999999999,86.142,85.52499999999999,85.985,2563
2026-08-19T09:15:00+00:00,85.985,86.086,85.591,85.646,1835
2026-08-19T09:30:00+00:00,85.646,85.762,85.402,85.732,1588
2026-08-19T09:45:00+00:00,85.732,85.80999999999999,85.437,85.741,1625
2026-08-19T10:00:00+00:00,85.741,85.79499999999999,85.58999999999999,85.785,1459
2026-08-19T10:15:00+00:00,85.785,85.89,85.615,85.866,1414
2026-08-19T10:30:00+00:00,85.866,85.997,85.725,85.725,1034
2026-08-19T10:45:00+00:00,85.725,85.74199999999999,85.586,85.63,1059
2026-08-19T11:00:00+00:00,85.63,85.746,85.506,85.585,1120
2026-08-19T11:15:00+00:00,85.585,85.637,85.375,85.43199999999999,1221
2026-08-19T11:30:00+00:00,85.43199999999999,85.72699999999999,85.41,85.607,1258
2026-08-19T11:45:00+00:00,85.607,85.627,85.271,85.372,1095
2026-08-19T12:00:00+00:00,85.372,85.461,85.21,85.336,1427
2026-08-19T12:15:00+00:00,85.336,85.401,84.976,85.107,1768
2026-08-19T12:30:00+00:00,85.107,85.187,84.145,84.67999999999999,4270
2026-08-19T12:45:00+00:00,84.67999999999999,84.806,84.35499999999999,84.68499999999999,2712
2026-08-19T13:00:00+00:00,84.68499999999999,85.216,84.66,84.99199999999999,3216
2026-08-19T13:15:00+00:00,84.99199999999999,85.297,84.877,85.166,2475
2026-08-19T13:30:00+00:00,85.166,85.35199999999999,85.03099999999999,85.211,2531
2026-08-19T13:45:00+00:00,85.211,85.467,85.201,85.31599999999999,1949
2026-08-19T14:00:00+00:00,85.31599999999999,85.646,85.17999999999999,85.556,2579
2026-08-19T14:15:00+00:00,85.556,85.756,85.482,85.74,1935
2026-08-19T14:30:00+00:00,85.74,85.94099999999999,85.44999999999999,85.67999999999999,3602
2026-08-19T14:45:00+00:00,85.67999999999999,85.997,85.645,85.8,2773
2026-08-19T15:00:00+00:00,85.8,86.24199999999999,85.761,86.08099999999999,2926
2026-08-19T15:15:00+00:00,86.08099999999999,86.457,86.08099999999999,86.3,3047
2026-08-19T15:30:00+00:00,86.3,86.387,86.15599999999999,86.216,2535
2026-08-19T15:45:00+00:00,86.216,86.32499999999999,86.02,86.231,2219
2026-08-19T16:00:00+00:00,86.231,86.56599999999999,86.225,86.54199999999999,1882
2026-08-19T16:15:00+00:00,86.54199999999999,86.61999999999999,86.30199999999999,86.377,1316
2026-08-19T16:30:00+00:00,86.377,86.64099999999999,86.30699999999999,86.47999999999999,1727
2026-08-19T16:45:00+00:00,86.47999999999999,86.77199999999999,86.451,86.72,2137
2026-08-19T17:00:00+00:00,86.72,87.02199999999999,86.655,86.81599999999999,2009
2026-08-19T17:15:00+00:00,86.81599999999999,86.881,86.505,86.55,1612
2026-08-19T17:30:00+00:00,86.55,86.60199999999999,86.05999999999999,86.201,1962
2026-08-19T17:45:00+00:00,86.201,86.347,86.015,86.30199999999999,1429
2026-08-19T18:00:00+00:00,86.30199999999999,86.45599999999999,86.026,86.15599999999999,2351
2026-08-19T18:15:00+00:00,86.15599999999999,86.15599999999999,85.505,85.505,3180
2026-08-19T18:30:00+00:00,85.505,85.636,85.35499999999999,85.377,1651
2026-08-19T18:45:00+00:00,85.377,85.58999999999999,85.35499999999999,85.54599999999999,956
2026-08-19T19:00:00+00:00,85.54599999999999,85.577,85.39,85.526,975
2026-08-19T19:15:00+00:00,85.526,85.601,85.161,85.231,2070
2026-08-19T19:30:00+00:00,85.231,85.30699999999999,85.155,85.196,1007
2026-08-19T19:45:00+00:00,85.196,85.502,85.196,85.472,964
2026-08-19T20:00:00+00:00,85.472,85.52199999999999,85.431,85.45599999999999,651
2026-08-19T20:15:00+00:00,85.45599999999999,85.597,85.445,85.57199999999999,906
2026-08-19T20:30:00+00:00,85.57199999999999,85.642,85.467,85.607,780
2026-08-19T20:45:00+00:00,85.607,85.851,85.425,85.67699999999999,931
2026-08-19T22:00:00+00:00,85.67699999999999,85.687,84.06,84.12500000000001,522.2737495380079
2026-08-19T22:15:00+00:00,84.12500000000001,84.13900000000001,84.01,84.07400000000001,143
2026-08-19T22:30:00+00:00,84.07400000000001,84.07600000000001,83.96000000000001,84.01,134
2026-08-19T22:45:00+00:00,84.01,84.534,83.96100000000001,84.483,261
2026-08-19T23:00:00+00:00,84.483,84.648,84.389,84.522,287
2026-08-19T23:15:00+00:00,84.522,84.578,84.482,84.512,160
2026-08-19T23:30:00+00:00,84.512,84.532,84.269,84.287,242
2026-08-19T23:45:00+00:00,84.287,84.358,84.262,84.283,221
2026-08-20T00:00:00+00:00,84.283,84.569,84.239,84.518,997
2026-08-20T00:15:00+00:00,84.518,84.554,84.399,84.554,578
2026-08-20T00:30:00+00:00,84.554,84.582,84.472,84.537,535
2026-08-20T00:45:00+00:00,84.537,84.639,84.533,84.592,503
2026-08-20T01:00:00+00:00,84.592,84.884,84.554,84.844,1817
2026-08-20T01:15:00+00:00,84.844,84.898,84.557,84.587,1625
2026-08-20T01:30:00+00:00,84.587,84.767,84.442,84.682,1416
2026-08-20T01:45:00+00:00,84.682,84.809,84.607,84.768,1333
2026-08-20T02:00:00+00:00,84.768,84.804,84.582,84.623,1109
2026-08-20T02:15:00+00:00,84.623,84.668,84.517,84.583,562
2026-08-20T02:30:00+00:00,84.583,84.588,84.312,84.423,1855
2026-08-20T02:45:00+00:00,84.423,84.648,84.267,84.432,1734
2026-08-20T03:00:00+00:00,84.432,84.504,84.362,84.418,1229
2026-08-20T03:15:00+00:00,84.418,84.454,84.313,84.342,1123
2026-08-20T03:30:00+00:00,84.342,84.513,84.322,84.508,752
2026-08-20T03:45:00+00:00,84.508,84.604,84.452,84.452,557
2026-08-20T04:00:00+00:00,84.452,84.587,84.424,84.559,414
2026-08-20T04:15:00+00:00,84.559,84.609,84.532,84.598,278
2026-08-20T04:30:00+00:00,84.598,84.648,84.512,84.558,337
2026-08-20T04:45:00+00:00,84.558,84.558,84.338,84.452,562
2026-08-20T05:00:00+00:00,84.452,84.473,84.387,84.388,375
2026-08-20T05:15:00+00:00,84.388,84.478,84.314,84.344,499
2026-08-20T05:30:00+00:00,84.344,84.522,84.318,84.514,976
2026-08-20T05:45:00+00:00,84.514,84.678,84.512,84.529,1145
2026-08-20T06:00:00+00:00,84.529,84.582,84.412,84.493,1266
2026-08-20T06:15:00+00:00,84.493,84.674,84.458,84.673,1044
2026-08-20T06:30:00+00:00,84.673,84.799,84.587,84.743,1255
2026-08-20T06:45:00+00:00,84.743,84.899,84.732,84.893,1182
2026-08-20T07:00:00+00:00,84.893,85.194,84.893,85.194,1870
2026-08-20T07:15:00+00:00,85.194,85.579,85.097,85.574,1714
2026-08-20T07:30:00+00:00,85.574,85.848,85.489,85.698,2557
2026-08-20T07:45:00+00:00,85.698,85.769,85.578,85.619,1798
2026-08-20T08:00:00+00:00,85.619,85.619,85.233,85.527,2292
2026-08-20T08:15:00+00:00,85.527,86.208,85.513,86.097,3253
2026-08-20T08:30:00+00:00,86.097,86.353,86.082,86.313,2795
2026-08-20T08:45:00+00:00,86.313,86.437,86.252,86.353,2023
2026-08-20T09:00:00+00:00,86.353,86.569,86.258,86.527,2157
2026-08-20T09:15:00+00:00,86.527,86.568,86.382,86.554,2059
2026-08-20T09:30:00+00:00,86.554,86.583,86.263,86.268,1567
2026-08-20T09:45:00+00:00,86.268,86.804,86.262,86.749,1716
2026-08-20T10:00:00+00:00,86.749,86.812,86.447,86.632,1743
2026-08-20T10:15:00+00:00,86.632,86.704,86.544,86.562,1211
2026-08-20T10:30:00+00:00,86.562,86.734,86.484,86.637,1217
2026-08-20T10:45:00+00:00,86.637,86.774,86.608,86.722,1235
2026-08-20T11:00:00+00:00,86.722,86.908,86.677,86.853,1330
2026-08-20T11:15:00+00:00,86.853,87.058,86.847,87.032,1397
2026-08-20T11:30:00+00:00,87.032,87.222,87.032,87.092,1268
2026-08-20T11:45:00+00:00,87.092,87.229,86.968,87.218,1502
2026-08-20T12:00:00+00:00,87.218,87.472,87.167,87.432,1743
2026-08-20T12:15:00+00:00,87.432,87.672,87.417,87.569,1730
2026-08-20T12:30:00+00:00,87.569,87.573,86.967,87.108,1918
2026-08-20T12:45:00+00:00,87.108,87.129,86.653,86.667,2754
2026-08-20T13:00:00+00:00,86.667,86.869,86.467,86.589,3562
2026-08-20T13:15:00+00:00,86.589,86.727,86.327,86.659,2882
2026-08-20T13:30:00+00:00,86.659,86.969,86.552,86.617,3043
2026-08-20T13:45:00+00:00,86.617,86.632,86.219,86.472,2978
2026-08-20T14:00:00+00:00,86.472,86.744,86.357,86.462,2848
2026-08-20T14:15:00+00:00,86.462,86.467,85.673,85.874,3456
2026-08-20T14:30:00+00:00,85.874,86.214,85.862,86.099,3013
2026-08-20T14:45:00+00:00,86.099,86.218,85.928,86.012,2548
2026-08-20T15:00:00+00:00,86.012,86.369,85.768,86.253,4798
2026-08-20T15:15:00+00:00,86.253,86.569,86.253,86.513,3251
2026-08-20T15:30:00+00:00,86.513,86.824,86.382,86.773,2435
2026-08-20T15:45:00+00:00,86.773,86.807,86.473,86.489,1999
2026-08-20T16:00:00+00:00,86.489,86.719,86.324,86.593,1981
2026-08-20T16:15:00+00:00,86.593,86.669,86.428,86.439,1433
2026-08-20T16:30:00+00:00,86.439,86.639,86.312,86.332,1647
2026-08-20T16:45:00+00:00,86.332,86.379,86.022,86.077,1471
2026-08-20T17:00:00+00:00,86.077,86.368,85.859,86.298,1994
2026-08-20T17:15:00+00:00,86.298,86.489,86.228,86.469,1520
2026-08-20T17:30:00+00:00,86.469,86.698,86.458,86.608,1466
2026-08-20T17:45:00+00:00,86.608,86.714,86.477,86.499,1275
2026-08-20T18:00:00+00:00,86.499,86.552,86.357,86.459,1900
2026-08-20T18:15:00+00:00,86.459,86.957,86.352,86.928,2681
2026-08-20T18:30:00+00:00,86.928,86.954,86.728,86.887,1529
2026-08-20T18:45:00+00:00,86.887,86.948,86.804,86.839,665
2026-08-20T19:00:00+00:00,86.839,86.847,86.659,86.722,693
2026-08-20T19:15:00+00:00,86.722,86.769,86.627,86.682,625
2026-08-20T19:30:00+00:00,86.682,86.689,86.544,86.604,508
2026-08-20T19:45:00+00:00,86.604,86.649,86.564,86.584,548
2026-08-20T20:00:00+00:00,86.584,86.638,86.497,86.523,485
2026-08-20T20:15:00+00:00,86.523,86.639,86.452,86.559,467
2026-08-20T20:30:00+00:00,86.559,86.559,86.437,86.462,241
2026-08-20T20:45:00+00:00,86.462,86.473,86.183,86.199,646
2026-08-20T22:00:00+00:00,86.199,86.418,86.199,86.31800000000001,251.5939070673915
2026-08-20T22:15:00+00:00,86.31800000000001,86.32900000000001,86.23800000000001,86.26200000000001,92
2026-08-20T22:30:00+00:00,86.26200000000001,86.32400000000001,86.24900000000001,86.27300000000001,89
2026-08-20T22:45:00+00:00,86.27300000000001,86.30400000000002,86.26700000000001,86.28900000000002,83
2026-08-20T23:00:00+00:00,86.28900000000002,86.319,86.242,86.30300000000001,115
2026-08-20T23:15:00+00:00,86.30300000000001,86.319,86.257,86.308,75
2026-08-20T23:30:00+00:00,86.308,86.30900000000001,86.26800000000001,86.28800000000001,74
2026-08-20T23:45:00+00:00,86.28800000000001,86.293,86.194,86.194,108
2026-08-21T00:00:00+00:00,86.194,86.26400000000001,86.09700000000001,86.26400000000001,708
2026-08-21T00:15:00+00:00,86.26400000000001,86.26400000000001,86.05700000000002,86.16700000000002,570
2026-08-21T00:30:00+00:00,86.16700000000002,86.31800000000001,86.15800000000002,86.278,496
2026-08-21T00:45:00+00:00,86.278,86.44200000000001,86.26700000000001,86.367,527
2026-08-21T01:00:00+00:00,86.367,86.608,86.25800000000001,86.60700000000001,1786
2026-08-21T01:15:00+00:00,86.60700000000001,86.66900000000001,86.50200000000001,86.593,1687
2026-08-21T01:30:00+00:00,86.593,86.834,86.52900000000001,86.828,1144
2026-08-21T01:45:00+00:00,86.828,86.924,86.623,86.71700000000001,1143
2026-08-21T02:00:00+00:00,86.71700000000001,86.78300000000002,86.653,86.74300000000001,1498
2026-08-21T02:15:00+00:00,86.74300000000001,86.77300000000001,86.62200000000001,86.74400000000001,631
2026-08-21T02:30:00+00:00,86.74400000000001,86.76200000000001,86.56800000000001,86.57900000000001,1179
2026-08-21T02:45:00+00:00,86.57900000000001,86.674,86.462,86.50300000000001,947
2026-08-21T03:00:00+00:00,86.50300000000001,86.522,86.39300000000001,86.41300000000001,770
2026-08-21T03:15:00+00:00,86.41300000000001,86.504,86.337,86.35900000000001,648
2026-08-21T03:30:00+00:00,86.35900000000001,86.53900000000002,86.349,86.52400000000002,294
2026-08-21T03:45:00+00:00,86.52400000000002,86.593,86.45200000000001,86.45700000000001,331
2026-08-21T04:00:00+00:00,86.45700000000001,86.49700000000001,86.35900000000001,86.45400000000001,301
2026-08-21T04:15:00+00:00,86.45400000000001,86.504,86.41700000000002,86.49300000000001,245
2026-08-21T04:30:00+00:00,86.49300000000001,86.513,86.43200000000002,86.43200000000002,238
2026-08-21T04:45:00+00:00,86.43200000000002,86.44800000000001,86.22200000000001,86.22900000000001,299
2026-08-21T05:00:00+00:00,86.22900000000001,86.24700000000001,86.12400000000001,86.209,409
2026-08-21T05:15:00+00:00,86.209,86.444,86.209,86.43700000000001,421
2026-08-21T05:30:00+00:00,86.43700000000001,86.48400000000001,86.29200000000002,86.41400000000002,1050
2026-08-21T05:45:00+00:00,86.41400000000002,86.45800000000001,86.132,86.16700000000002,990
2026-08-21T06:00:00+00:00,86.16700000000002,86.31400000000001,86.093,86.17900000000002,1219
2026-08-21T06:15:00+00:00,86.17900000000002,86.42300000000002,86.138,86.36800000000001,929
2026-08-21T06:30:00+00:00,86.36800000000001,86.42900000000002,86.28200000000001,86.38900000000001,1056
2026-08-21T06:45:00+00:00,86.38900000000001,86.48400000000001,86.26400000000001,86.302,1304
2026-08-21T07:00:00+00:00,86.302,86.42900000000002,86.072,86.12700000000001,1885
2026-08-21T07:15:00+00:00,86.12700000000001,86.41700000000002,86.10400000000001,86.41400000000002,1425
2026-08-21T07:30:00+00:00,86.41400000000002,86.43800000000002,86.24400000000001,86.42300000000002,1744
2026-08-21T07:45:00+00:00,86.42300000000002,86.46700000000001,86.13400000000001,86.364,1713
2026-08-21T08:00:00+00:00,86.364,86.784,86.33200000000001,86.49700000000001,2829
2026-08-21T08:15:00+00:00,86.49700000000001,86.587,86.013,86.10700000000001,3335
2026-08-21T08:30:00+00:00,86.10700000000001,86.35900000000001,85.95700000000001,86.12200000000001,2280
2026-08-21T08:45:00+00:00,86.12200000000001,86.17800000000001,85.909,85.92800000000001,1554
2026-08-21T09:00:00+00:00,85.92800000000001,86.11900000000001,85.78800000000001,86.07900000000001,1690
2026-08-21T09:15:00+00:00,86.07900000000001,86.254,86.04700000000001,86.21900000000001,1208
2026-08-21T09:30:00+00:00,86.21900000000001,86.412,86.043,86.36900000000001,1613
2026-08-21T09:45:00+00:00,86.36900000000001,86.57400000000001,86.34200000000001,86.54400000000001,1319
2026-08-21T10:00:00+00:00,86.54400000000001,87.489,86.54400000000001,87.302,2990
2026-08-21T10:15:00+00:00,87.302,87.33900000000001,86.599,86.60300000000001,1913
2026-08-21T10:30:00+00:00,86.60300000000001,86.84800000000001,86.587,86.80900000000001,1447
2026-08-21T10:45:00+00:00,86.80900000000001,87.16300000000001,86.75900000000001,87.04200000000002,1602
2026-08-21T11:00:00+00:00,87.04200000000002,87.22900000000001,86.998,87.20400000000001,1216
2026-08-21T11:15:00+00:00,87.20400000000001,87.24700000000001,86.33800000000001,86.42300000000002,3383
2026-08-21T11:30:00+00:00,86.42300000000002,86.53300000000002,86.102,86.46300000000001,3211
2026-08-21T11:45:00+00:00,86.46300000000001,86.94300000000001,86.412,86.92200000000001,1695
2026-08-21T12:00:00+00:00,86.92200000000001,87.11300000000001,86.77700000000002,87.10900000000001,2065
2026-08-21T12:15:00+00:00,87.10900000000001,87.319,87.00200000000001,87.034,2047
2026-08-21T12:30:00+00:00,87.034,87.05400000000002,86.75200000000001,86.808,1658
2026-08-21T12:45:00+00:00,86.808,87.13700000000001,86.787,86.864,1994
2026-08-21T13:00:00+00:00,86.864,86.92900000000002,86.57400000000001,86.76700000000001,3197
2026-08-21T13:15:00+00:00,86.76700000000001,87.06800000000001,86.69200000000001,86.89900000000002,3086
2026-08-21T13:30:00+00:00,86.89900000000002,87.093,86.68700000000001,86.75800000000001,3533
2026-08-21T13:45:00+00:00,86.75800000000001,86.772,86.41300000000001,86.45200000000001,2957
2026-08-21T14:00:00+00:00,86.45200000000001,86.584,86.26700000000001,86.584,2880
2026-08-21T14:15:00+00:00,86.584,86.63300000000001,86.22800000000001,86.40200000000002,2380
2026-08-21T14:30:00+00:00,86.40200000000002,86.769,86.322,86.39900000000002,2562
2026-08-21T14:45:00+00:00,86.39900000000002,86.67800000000001,86.352,86.51200000000001,2431
2026-08-21T15:00:00+00:00,86.51200000000001,86.68700000000001,86.129,86.63900000000001,3161
2026-08-21T15:15:00+00:00,86.63900000000001,86.852,86.41700000000002,86.44900000000001,3275
2026-08-21T15:30:00+00:00,86.44900000000001,87.058,86.373,86.85400000000001,3181
2026-08-21T15:45:00+00:00,86.85400000000001,86.91900000000001,86.71300000000001,86.793,2363
2026-08-21T16:00:00+00:00,86.793,86.99900000000001,86.742,86.858,2367
2026-08-21T16:15:00+00:00,86.858,86.97900000000001,86.50200000000001,86.56200000000001,3338
2026-08-21T16:30:00+00:00,86.56200000000001,86.91400000000002,86.49300000000001,86.819,2032
2026-08-21T16:45:00+00:00,86.819,86.93400000000001,86.67900000000002,86.91700000000002,1428
2026-08-21T17:00:00+00:00,86.91700000000002,87.18900000000001,86.85700000000001,87.10300000000001,1861
2026-08-21T17:15:00+00:00,87.10300000000001,87.25200000000001,86.989,87.23400000000001,1734
2026-08-21T17:30:00+00:00,87.23400000000001,87.43900000000001,87.14800000000001,87.15400000000001,1939
2026-08-21T17:45:00+00:00,87.15400000000001,87.394,87.147,87.31200000000001,1630
2026-08-21T18:00:00+00:00,87.31200000000001,87.31200000000001,87.00200000000001,87.153,1960
2026-08-21T18:15:00+00:00,87.153,87.30900000000001,86.93200000000002,87.058,2496
2026-08-21T18:30:00+00:00,87.058,87.153,86.92900000000002,86.96700000000001,1118
2026-08-21T18:45:00+00:00,86.96700000000001,87.114,86.90200000000002,87.01800000000001,871
2026-08-21T19:00:00+00:00,87.01800000000001,87.01800000000001,86.772,86.79800000000002,862
2026-08-21T19:15:00+00:00,86.79800000000002,86.92200000000001,86.78200000000001,86.80400000000002,558
2026-08-21T19:30:00+00:00,86.80400000000002,86.903,86.71700000000001,86.784,710
2026-08-21T19:45:00+00:00,86.784,86.849,86.60400000000001,86.63300000000001,831
2026-08-21T20:00:00+00:00,86.63300000000001,86.68900000000001,86.58200000000001,86.659,536
2026-08-21T20:15:00+00:00,86.659,86.864,86.623,86.82900000000001,579
2026-08-21T20:30:00+00:00,86.82900000000001,86.83900000000001,86.742,86.81700000000001,454
2026-08-23T22:00:00+00:00,86.812,86.812,86.313,86.388,667
2026-08-23T22:15:00+00:00,86.388,86.429,86.343,86.374,248
2026-08-23T22:30:00+00:00,86.374,86.384,86.297,86.332,206
2026-08-23T22:45:00+00:00,86.332,86.347,86.222,86.249,178
2026-08-23T23:00:00+00:00,86.249,86.258,86.089,86.149,282
2026-08-23T23:15:00+00:00,86.149,86.149,86.093,86.114,164
2026-08-23T23:30:00+00:00,86.114,86.18900000000001,86.114,86.138,136
2026-08-23T23:45:00+00:00,86.138,86.154,85.967,85.993,257
2026-08-24T00:00:00+00:00,85.993,86.204,85.948,86.138,634
2026-08-24T00:15:00+00:00,86.138,86.139,85.893,85.929,510
2026-08-24T00:30:00+00:00,85.929,85.929,85.609,85.612,697
2026-08-24T00:45:00+00:00,85.612,85.858,85.604,85.813,639
2026-08-24T01:00:00+00:00,85.813,85.813,85.314,85.383,2870
2026-08-24T01:15:00+00:00,85.383,85.408,84.847,85.132,2145
2026-08-24T01:30:00+00:00,85.132,85.432,85.087,85.282,1656
2026-08-24T01:45:00+00:00,85.282,85.398,85.213,85.348,1459
2026-08-24T02:00:00+00:00,85.348,85.429,85.194,85.308,1060
2026-08-24T02:15:00+00:00,85.308,85.499,85.302,85.497,413
2026-08-24T02:30:00+00:00,85.497,85.719,85.497,85.572,1322
2026-08-24T02:45:00+00:00,85.572,85.712,85.473,85.672,920
2026-08-24T03:00:00+00:00,85.672,85.777,85.622,85.632,914
2026-08-24T03:15:00+00:00,85.632,85.754,85.632,85.692,643
2026-08-24T03:30:00+00:00,85.692,85.769,85.674,85.703,478
2026-08-24T03:45:00+00:00,85.703,85.707,85.573,85.604,360
2026-08-24T04:00:00+00:00,85.604,85.718,85.568,85.577,412
2026-08-24T04:15:00+00:00,85.577,85.608,85.512,85.597,426
2026-08-24T04:30:00+00:00,85.597,85.668,85.523,85.589,414
2026-08-24T04:45:00+00:00,85.589,85.739,85.583,85.598,310
2026-08-24T05:00:00+00:00,85.598,85.669,85.568,85.642,355
2026-08-24T05:15:00+00:00,85.642,85.647,85.502,85.542,410
2026-08-24T05:30:00+00:00,85.542,85.732,85.457,85.732,1338
2026-08-24T05:45:00+00:00,85.732,85.749,85.542,85.564,851
2026-08-24T06:00:00+00:00,85.564,85.638,85.283,85.289,1548
2026-08-24T06:15:00+00:00,85.289,85.447,85.212,85.423,1030
2026-08-24T06:30:00+00:00,85.423,85.454,85.132,85.208,990
2026-08-24T06:45:00+00:00,85.208,85.369,85.157,85.178,1225
2026-08-24T07:00:00+00:00,85.178,85.258,85.037,85.204,1550
2026-08-24T07:15:00+00:00,85.204,85.348,85.102,85.277,1407
2026-08-24T07:30:00+00:00,85.277,85.682,85.029,85.518,1925
2026-08-24T07:45:00+00:00,85.518,85.699,85.343,85.653,2239
2026-08-24T08:00:00+00:00,85.653,85.784,85.337,85.508,2277
2026-08-24T08:15:00+00:00,85.508,85.729,85.392,85.548,2842
2026-08-24T08:30:00+00:00,85.548,85.574,85.087,85.167,1889
2026-08-24T08:45:00+00:00,85.167,85.303,84.694,84.942,2437
2026-08-24T09:00:00+00:00,84.942,85.079,84.749,85.053,1685
2026-08-24T09:15:00+00:00,85.053,85.453,85.022,85.372,1436
2026-08-24T09:30:00+00:00,85.372,85.404,85.074,85.304,1323
2026-08-24T09:45:00+00:00,85.304,85.304,84.969,85.132,1676
2026-08-24T10:00:00+00:00,85.132,85.207,84.927,85.062,1445
2026-08-24T10:15:00+00:00,85.062,85.109,84.927,84.974,1242
2026-08-24T10:30:00+00:00,84.974,85.184,84.877,85.182,1147
2026-08-24T10:45:00+00:00,85.182,85.367,85.107,85.362,1338
2026-08-24T11:00:00+00:00,85.362,85.398,85.092,85.204,1265
2026-08-24T11:15:00+00:00,85.204,85.514,85.168,85.468,1231
2026-08-24T11:30:00+00:00,85.468,85.572,85.018,85.143,1913
2026-08-24T11:45:00+00:00,85.143,85.409,85.052,85.362,1159
2026-08-24T12:00:00+00:00,85.362,85.504,85.248,85.504,1468
2026-08-24T12:15:00+00:00,85.504,85.603,85.337,85.468,1669
2026-08-24T12:30:00+00:00,85.468,86.188,85.072,85.599,3682
2026-08-24T12:45:00+00:00,85.599,85.667,85.472,85.524,2195
2026-08-24T13:00:00+00:00,85.524,85.749,85.314,85.493,3678
2026-08-24T13:15:00+00:00,85.493,85.919,85.464,85.894,3051
2026-08-24T13:30:00+00:00,85.894,86.033,85.569,85.648,3195
2026-08-24T13:45:00+00:00,85.648,85.767,85.304,85.369,3183
2026-08-24T14:00:00+00:00,85.369,85.537,85.212,85.339,2324
2026-08-24T14:15:00+00:00,85.339,85.374,84.749,84.902,2878
2026-08-24T14:30:00+00:00,84.902,85.219,84.882,85.167,2642
2026-08-24T14:45:00+00:00,85.167,85.169,84.807,84.988,2612
2026-08-24T15:00:00+00:00,84.988,85.144,84.828,84.979,2960
2026-08-24T15:15:00+00:00,84.979,85.119,84.442,84.448,3665
2026-08-24T15:30:00+00:00,84.448,84.839,84.393,84.807,3170
2026-08-24T15:45:00+00:00,84.807,84.849,84.617,84.782,1854
2026-08-24T16:00:00+00:00,84.782,84.979,84.709,84.972,1768
2026-08-24T16:15:00+00:00,84.972,85.288,84.962,85.263,1941
2026-08-24T16:30:00+00:00,85.263,85.399,85.072,85.349,1738
2026-08-24T16:45:00+00:00,85.349,85.389,85.203,85.207,1144
2026-08-24T17:00:00+00:00,85.207,85.217,84.708,84.898,2842
2026-08-24T17:15:00+00:00,84.898,85.068,84.688,84.833,2278
2026-08-24T17:30:00+00:00,84.833,85.034,84.797,84.863,1314
2026-08-24T17:45:00+00:00,84.863,84.959,84.693,84.789,1242
2026-08-24T18:00:00+00:00,84.789,84.832,84.648,84.809,1455
2026-08-24T18:15:00+00:00,84.809,85.057,84.717,84.958,2096
2026-08-24T18:30:00+00:00,84.958,85.178,84.863,85.159,1387
2026-08-24T18:45:00+00:00,85.159,85.234,85.129,85.169,742
2026-08-24T19:00:00+00:00,85.169,85.279,85.147,85.224,522
2026-08-24T19:15:00+00:00,85.224,85.233,85.172,85.178,490
2026-08-24T19:30:00+00:00,85.178,85.197,84.968,85.069,607
2026-08-24T19:45:00+00:00,85.069,85.069,84.977,85.013,666
2026-08-24T20:00:00+00:00,85.013,85.053,84.947,85.014,444
2026-08-24T20:15:00+00:00,85.014,85.027,84.932,84.942,341
2026-08-24T20:30:00+00:00,84.942,84.949,84.848,84.872,332
2026-08-24T20:45:00+00:00,84.872,84.983,84.837,84.962,444
2026-08-24T22:00:00+00:00,84.962,85.072,84.962,84.983,206
2026-08-24T22:15:00+00:00,84.983,85.064,84.983,85.034,109
2026-08-24T22:30:00+00:00,85.034,85.079,85.032,85.072,96
2026-08-24T22:45:00+00:00,85.072,85.109,85.058,85.089,59
2026-08-24T23:00:00+00:00,85.089,85.139,85.072,85.134,118
2026-08-24T23:15:00+00:00,85.134,85.193,85.119,85.158,108
2026-08-24T23:30:00+00:00,85.158,85.229,85.102,85.164,118
2026-08-24T23:45:00+00:00,85.164,85.204,85.149,85.179,217
2026-08-25T00:00:00+00:00,85.179,85.238,85.058,85.123,613
2026-08-25T00:15:00+00:00,85.123,85.148,85.062,85.104,330
2026-08-25T00:30:00+00:00,85.104,85.104,84.892,84.892,475
2026-08-25T00:45:00+00:00,84.892,84.938,84.754,84.762,508
2026-08-25T01:00:00+00:00,84.762,85.334,84.714,85.122,2038
2026-08-25T01:15:00+00:00,85.122,85.323,85.048,85.223,1392
2026-08-25T01:30:00+00:00,85.223,85.379,85.092,85.354,1252
2026-08-25T01:45:00+00:00,85.354,85.474,85.302,85.449,1250
2026-08-25T02:00:00+00:00,85.449,85.818,85.403,85.754,1687
2026-08-25T02:15:00+00:00,85.754,85.794,85.652,85.682,633
2026-08-25T02:30:00+00:00,85.682,85.784,85.554,85.582,1669
2026-08-25T02:45:00+00:00,85.582,85.614,85.463,85.543,1535
2026-08-25T03:00:00+00:00,85.543,85.574,85.202,85.313,1335
2026-08-25T03:15:00+00:00,85.313,85.354,85.112,85.333,1023
2026-08-25T03:30:00+00:00,85.333,85.404,85.302,85.399,428
2026-08-25T03:45:00+00:00,85.399,85.423,85.363,85.412,260
2026-08-25T04:00:00+00:00,85.412,85.464,85.332,85.343,362
2026-08-25T04:15:00+00:00,85.343,85.354,85.198,85.253,355
2026-08-25T04:30:00+00:00,85.253,85.259,85.052,85.108,284
2026-08-25T04:45:00+00:00,85.108,85.113,85.039,85.058,267
2026-08-25T05:00:00+00:00,85.058,85.074,84.947,84.949,420
2026-08-25T05:15:00+00:00,84.949,84.974,84.888,84.949,311
2026-08-25T05:30:00+00:00,84.949,85.069,84.802,84.928,1104
2026-08-25T05:45:00+00:00,84.928,84.984,84.268,84.444,2043
2026-08-25T06:00:00+00:00,84.444,84.514,84.187,84.258,1992
2026-08-25T06:15:00+00:00,84.258,84.334,84.133,84.192,1646
2026-08-25T06:30:00+00:00,84.192,84.579,84.097,84.434,1954
2026-08-25T06:45:00+00:00,84.434,84.578,84.122,84.244,1649
2026-08-25T07:00:00+00:00,84.244,84.434,84.097,84.392,2019
2026-08-25T07:15:00+00:00,84.392,84.519,84.229,84.438,1789
2026-08-25T07:30:00+00:00,84.438,84.538,84.237,84.354,1583
2026-08-25T07:45:00+00:00,84.354,84.574,84.293,84.538,1781
2026-08-25T08:00:00+00:00,84.538,84.692,84.503,84.542,1554
2026-08-25T08:15:00+00:00,84.542,84.604,83.494,83.918,5023
2026-08-25T08:30:00+00:00,83.918,84.064,83.397,83.408,3849
2026-08-25T08:45:00+00:00,83.408,83.494,82.842,82.999,3397
2026-08-25T09:00:00+00:00,82.999,83.064,82.662,82.869,3401
2026-08-25T09:15:00+00:00,82.869,82.962,82.492,82.678,2720
2026-08-25T09:30:00+00:00,82.678,82.719,82.182,82.293,3326
2026-08-25T09:45:00+00:00,82.293,82.362,82.032,82.109,2563
2026-08-25T10:00:00+00:00,82.109,82.588,82.104,82.468,2473
2026-08-25T10:15:00+00:00,82.468,82.553,82.352,82.382,1657
2026-08-25T10:30:00+00:00,82.382,82.564,82.257,82.542,1676
2026-08-25T10:45:00+00:00,82.542,82.579,82.392,82.429,1556
2026-08-25T11:00:00+00:00,82.429,82.664,82.284,82.422,1717
2026-08-25T11:15:00+00:00,82.422,82.639,82.394,82.477,1543
2026-08-25T11:30:00+00:00,82.477,82.478,82.153,82.192,1525
2026-08-25T11:45:00+00:00,82.192,82.192,81.826,81.967,2777
2026-08-25T12:00:00+00:00,81.967,82.354,81.90299999999999,82.318,2495
2026-08-25T12:15:00+00:00,82.318,82.608,82.21300000000001,82.357,2224
2026-08-25T12:30:00+00:00,82.357,82.554,82.287,82.453,1689
2026-08-25T12:45:00+00:00,82.453,82.459,82.137,82.214,1484
2026-08-25T13:00:00+00:00,82.214,82.289,81.837,82.027,3528
2026-08-25T13:15:00+00:00,82.027,82.634,82.004,82.412,3078
2026-08-25T13:30:00+00:00,82.412,82.639,82.199,82.233,2642
2026-08-25T13:45:00+00:00,82.233,82.499,82.154,82.452,2311
2026-08-25T14:00:00+00:00,82.452,82.873,82.324,82.399,3470
2026-08-25T14:15:00+00:00,82.399,82.649,82.362,82.608,2107
2026-08-25T14:30:00+00:00,82.608,83.299,82.517,82.533,3534
2026-08-25T14:45:00+00:00,82.533,82.649,82.318,82.499,2321
2026-08-25T15:00:00+00:00,82.499,82.699,82.447,82.45700000000001,1959
2026-08-25T15:15:00+00:00,82.45700000000001,82.559,82.168,82.423,3427
2026-08-25T15:30:00+00:00,82.423,82.424,81.549,81.70700000000001,5455
2026-08-25T15:45:00+00:00,81.70700000000001,82.178,81.643,82.108,2706
2026-08-25T16:00:00+00:00,82.108,82.248,82.068,82.172,2311
2026-08-25T16:15:00+00:00,82.172,82.354,82.047,82.334,1921
2026-08-25T16:30:00+00:00,82.334,82.382,82.19800000000001,82.294,1658
2026-08-25T16:45:00+00:00,82.294,82.438,82.144,82.187,1655
2026-08-25T17:00:00+00:00,82.187,82.253,82.087,82.19200000000001,1586
2026-08-25T17:15:00+00:00,82.19200000000001,82.419,82.169,82.234,1523
2026-08-25T17:30:00+00:00,82.234,82.334,82.197,82.293,1344
2026-08-25T17:45:00+00:00,82.293,82.304,82.117,82.139,1413
2026-08-25T18:00:00+00:00,82.139,82.249,82.102,82.152,1307
2026-08-25T18:15:00+00:00,82.152,82.453,82.08800000000001,82.308,2463
2026-08-25T18:30:00+00:00,82.308,82.473,82.303,82.426,882
2026-08-25T18:45:00+00:00,82.426,82.441,82.28,82.334,702
2026-08-25T19:00:00+00:00,82.334,82.434,82.266,82.34400000000001,739
2026-08-25T19:15:00+00:00,82.34400000000001,82.345,82.205,82.285,686
2026-08-25T19:30:00+00:00,82.285,82.34,81.995,82.035,882
2026-08-25T19:45:00+00:00,82.035,82.095,81.144,81.159,3045
2026-08-25T20:00:00+00:00,81.159,81.166,80.485,80.565,3432
2026-08-25T20:15:00+00:00,80.565,80.84100000000001,80.281,80.714,3591
2026-08-25T20:30:00+00:00,80.714,80.94500000000001,80.644,80.895,2638
2026-08-25T20:45:00+00:00,80.895,81.281,80.851,81.129,2501
2026-08-25T22:00:00+00:00,81.072,81.247,81.072,81.184,297
2026-08-25T22:15:00+00:00,81.184,81.184,80.917,80.987,218
2026-08-25T22:30:00+00:00,80.987,81.017,80.938,80.949,134
2026-08-25T22:45:00+00:00,80.949,81.069,80.947,80.992,123
2026-08-25T23:00:00+00:00,80.992,80.999,80.939,80.959,141
2026-08-25T23:15:00+00:00,80.959,80.983,80.952,80.979,70
2026-08-25T23:30:00+00:00,80.979,81.029,80.972,81.023,114
2026-08-25T23:45:00+00:00,81.023,81.119,80.958,80.963,198
2026-08-26T00:00:00+00:00,80.963,81.104,80.817,80.874,995
2026-08-26T00:15:00+00:00,80.874,80.949,80.793,80.909,738
2026-08-26T00:30:00+00:00,80.909,80.977,80.667,80.687,1061
2026-08-26T00:45:00+00:00,80.687,80.813,80.567,80.697,1452
2026-08-26T01:00:00+00:00,80.697,80.698,80.314,80.368,3264
2026-08-26T01:15:00+00:00,80.368,80.554,80.338,80.529,1546
2026-08-26T01:30:00+00:00,80.529,80.594,80.327,80.444,1499
2026-08-26T01:45:00+00:00,80.444,80.672,80.437,80.513,1259
2026-08-26T02:00:00+00:00,80.513,80.523,80.242,80.279,1242
2026-08-26T02:15:00+00:00,80.279,80.387,80.267,80.322,511
2026-08-26T02:30:00+00:00,80.322,80.534,80.304,80.369,1037
2026-08-26T02:45:00+00:00,80.369,80.398,80.124,80.383,1152
2026-08-26T03:00:00+00:00,80.383,80.394,80.192,80.263,811
2026-08-26T03:15:00+00:00,80.263,80.263,80.058,80.259,1115
2026-08-26T03:30:00+00:00,80.259,80.289,80.159,80.254,552
2026-08-26T03:45:00+00:00,80.254,80.313,80.227,80.237,439
2026-08-26T04:00:00+00:00,80.237,80.409,80.237,80.389,624
2026-08-26T04:15:00+00:00,80.389,80.417,80.237,80.304,471
2026-08-26T04:30:00+00:00,80.304,80.319,80.247,80.278,300
2026-08-26T04:45:00+00:00,80.278,80.609,80.228,80.594,555
2026-08-26T05:00:00+00:00,80.594,80.603,80.419,80.568,577
2026-08-26T05:15:00+00:00,80.568,80.759,80.563,80.739,552
2026-08-26T05:30:00+00:00,80.739,80.889,80.609,80.867,1526
2026-08-26T05:45:00+00:00,80.867,80.903,80.708,80.752,1083
2026-08-26T06:00:00+00:00,80.752,80.868,80.692,80.868,1410
2026-08-26T06:15:00+00:00,80.868,80.913,80.737,80.818,1259
2026-08-26T06:30:00+00:00,80.818,80.824,80.289,80.299,1509
2026-08-26T06:45:00+00:00,80.299,80.494,80.262,80.454,1667
2026-08-26T07:00:00+00:00,80.454,80.609,80.207,80.264,1959
2026-08-26T07:15:00+00:00,80.264,80.354,80.152,80.267,1705
2026-08-26T07:30:00+00:00,80.267,80.319,80.009,80.023,2036
2026-08-26T07:45:00+00:00,80.023,80.144,79.839,79.894,1948
2026-08-26T08:00:00+00:00,79.894,80.277,79.878,80.264,1979
2026-08-26T08:15:00+00:00,80.264,80.519,80.027,80.027,3328
2026-08-26T08:30:00+00:00,80.027,80.234,79.672,79.909,3416
2026-08-26T08:45:00+00:00,79.909,80.017,79.672,79.823,2045
2026-08-26T09:00:00+00:00,79.823,79.964,79.714,79.922,2334
2026-08-26T09:15:00+00:00,79.922,80.184,79.627,80.184,2479
2026-08-26T09:30:00+00:00,80.184,80.228,79.777,79.837,1750
2026-08-26T09:45:00+00:00,79.837,80.117,79.812,80.117,1953
2026-08-26T10:00:00+00:00,80.117,80.203,79.997,80.139,1581
2026-08-26T10:15:00+00:00,80.139,80.308,79.937,80.137,1881
2026-08-26T10:30:00+00:00,80.137,80.257,80.047,80.169,1295
2026-08-26T10:45:00+00:00,80.169,80.394,80.169,80.214,1151
2026-08-26T11:00:00+00:00,80.214,80.318,80.082,80.182,1167
2026-08-26T11:15:00+00:00,80.182,80.339,80.102,80.182,1614
2026-08-26T11:30:00+00:00,80.182,80.444,80.122,80.372,1501
2026-08-26T11:45:00+00:00,80.372,80.669,80.314,80.538,1386
2026-08-26T12:00:00+00:00,80.538,80.637,80.387,80.409,1448
2026-08-26T12:15:00+00:00,80.409,80.439,80.192,80.224,1166
2026-08-26T12:30:00+00:00,80.224,80.359,80.187,80.269,1979
2026-08-26T12:45:00+00:00,80.269,80.714,80.167,80.633,3326
2026-08-26T13:00:00+00:00,80.633,80.974,80.488,80.762,3471
2026-08-26T13:15:00+00:00,80.762,80.898,80.602,80.683,2789
2026-08-26T13:30:00+00:00,80.683,81.309,80.653,81.248,2984
2026-08-26T13:45:00+00:00,81.248,81.698,81.239,81.482,2800
2026-08-26T14:00:00+00:00,81.482,81.544,81.304,81.488,2313
2026-08-26T14:15:00+00:00,81.488,81.679,81.442,81.667,2227
2026-08-26T14:30:00+00:00,81.667,81.828,81.644,81.789,2713
2026-08-26T14:45:00+00:00,81.789,81.937,81.677,81.897,2290
2026-08-26T15:00:00+00:00,81.897,82.209,81.817,82.203,2256
2026-08-26T15:15:00+00:00,82.203,82.413,82.039,82.357,3160
2026-08-26T15:30:00+00:00,82.357,82.463,82.212,82.292,2325
2026-08-26T15:45:00+00:00,82.292,82.868,82.168,82.752,3704
2026-08-26T16:00:00+00:00,82.752,83.052,82.694,83.007,2098
2026-08-26T16:15:00+00:00,83.007,83.38300000000001,82.962,83.182,3184
2026-08-26T16:30:00+00:00,83.182,83.299,83.12700000000001,83.16300000000001,1436
2026-08-26T16:45:00+00:00,83.16300000000001,83.17800000000001,82.849,82.879,1845
2026-08-26T17:00:00+00:00,82.879,82.94800000000001,82.717,82.809,1695
2026-08-26T17:15:00+00:00,82.809,82.849,82.677,82.777,1169
2026-08-26T17:30:00+00:00,82.777,82.809,82.659,82.668,1018
2026-08-26T17:45:00+00:00,82.668,82.76400000000001,82.617,82.65700000000001,1093
2026-08-26T18:00:00+00:00,82.65700000000001,82.679,82.384,82.467,1572
2026-08-26T18:15:00+00:00,82.467,82.467,82.167,82.352,2196
2026-08-26T18:30:00+00:00,82.352,82.429,82.22800000000001,82.22800000000001,995
2026-08-26T18:45:00+00:00,82.22800000000001,82.242,82.062,82.077,687
2026-08-26T19:00:00+00:00,82.077,82.077,81.914,82.054,536
2026-08-26T19:15:00+00:00,82.054,82.134,82.007,82.074,578
2026-08-26T19:30:00+00:00,82.074,82.15899999999999,81.992,82.04299999999999,488
2026-08-26T19:45:00+00:00,82.04299999999999,82.074,81.982,82.002,410
2026-08-26T20:00:00+00:00,82.002,82.008,81.938,81.958,561
2026-08-26T20:15:00+00:00,81.958,81.983,81.864,81.884,391
2026-08-26T20:30:00+00:00,81.884,81.894,81.822,81.873,340
2026-08-26T20:45:00+00:00,81.873,81.997,81.859,81.988,568
2026-08-26T22:00:00+00:00,81.893,82.079,81.777,81.783,319
2026-08-26T22:15:00+00:00,81.783,81.844,81.783,81.829,95
2026-08-26T22:30:00+00:00,81.829,81.887,81.827,81.839,83
2026-08-26T22:45:00+00:00,81.839,81.859,81.793,81.793,46
2026-08-26T23:00:00+00:00,81.793,81.844,81.742,81.813,78
2026-08-26T23:15:00+00:00,81.813,81.847,81.792,81.808,76
2026-08-26T23:30:00+00:00,81.808,81.837,81.792,81.808,82
2026-08-26T23:45:00+00:00,81.808,81.829,81.782,81.793,92
2026-08-27T00:00:00+00:00,81.793,81.793,81.549,81.624,854
2026-08-27T00:15:00+00:00,81.624,81.682,81.527,81.527,759
2026-08-27T00:30:00+00:00,81.527,81.603,81.527,81.558,548
2026-08-27T00:45:00+00:00,81.558,81.869,81.557,81.774,865
2026-08-27T01:00:00+00:00,81.774,82.133,81.697,81.938,2918
2026-08-27T01:15:00+00:00,81.938,82.208,81.839,82.089,2155
2026-08-27T01:30:00+00:00,82.089,82.117,81.84700000000001,81.93900000000001,1542
2026-08-27T01:45:00+00:00,81.93900000000001,81.93900000000001,81.69800000000001,81.739,1090
2026-08-27T02:00:00+00:00,81.739,81.81400000000001,81.699,81.787,871
2026-08-27T02:15:00+00:00,81.787,81.798,81.682,81.718,509
2026-08-27T02:30:00+00:00,81.718,81.84400000000001,81.608,81.622,1264
2026-08-27T02:45:00+00:00,81.622,81.72800000000001,81.56200000000001,81.56200000000001,1100
2026-08-27T03:00:00+00:00,81.56200000000001,81.85900000000001,81.56200000000001,81.837,1164
2026-08-27T03:15:00+00:00,81.837,81.994,81.76700000000001,81.899,982
2026-08-27T03:30:00+00:00,81.899,82.009,81.82300000000001,81.98700000000001,580
2026-08-27T03:45:00+00:00,81.98700000000001,81.99900000000001,81.932,81.952,429
2026-08-27T04:00:00+00:00,81.952,81.96900000000001,81.89800000000001,81.959,384
2026-08-27T04:15:00+00:00,81.959,82.028,81.93900000000001,82.009,347
2026-08-27T04:30:00+00:00,82.009,82.022,81.91900000000001,81.96300000000001,288
2026-08-27T04:45:00+00:00,81.96300000000001,81.994,81.923,81.94800000000001,283
2026-08-27T05:00:00+00:00,81.94800000000001,81.979,81.92200000000001,81.953,371
2026-08-27T05:15:00+00:00,81.953,81.953,81.702,81.70700000000001,467
2026-08-27T05:30:00+00:00,81.70700000000001,81.77300000000001,81.574,81.699,921
2026-08-27T05:45:00+00:00,81.699,81.808,81.542,81.554,835
2026-08-27T06:00:00+00:00,81.554,81.623,81.452,81.453,906
2026-08-27T06:15:00+00:00,81.453,81.528,81.39800000000001,81.432,1081
2026-08-27T06:30:00+00:00,81.432,81.47800000000001,81.14200000000001,81.22200000000001,1258
2026-08-27T06:45:00+00:00,81.22200000000001,81.354,81.134,81.14800000000001,1372
2026-08-27T07:00:00+00:00,81.14800000000001,81.15400000000001,80.77900000000001,80.888,1879
2026-08-27T07:15:00+00:00,80.888,81.232,80.873,81.107,1345
2026-08-27T07:30:00+00:00,81.107,81.37400000000001,81.107,81.182,1780
2026-08-27T07:45:00+00:00,81.182,81.483,81.113,81.483,1524
2026-08-27T08:00:00+00:00,81.483,81.54400000000001,81.313,81.51700000000001,1801
2026-08-27T08:15:00+00:00,81.51700000000001,81.738,81.418,81.73400000000001,3012
2026-08-27T08:30:00+00:00,81.73400000000001,81.83200000000001,81.617,81.799,1984
2026-08-27T08:45:00+00:00,81.799,81.94300000000001,81.607,81.938,1557
2026-08-27T09:00:00+00:00,81.938,82.254,81.938,82.247,1525
2026-08-27T09:15:00+00:00,82.247,82.334,82.10900000000001,82.208,1609
2026-08-27T09:30:00+00:00,82.208,82.24900000000001,82.093,82.153,1266
2026-08-27T09:45:00+00:00,82.153,82.32300000000001,82.122,82.313,1251
2026-08-27T10:00:00+00:00,82.313,82.659,82.307,82.342,1910
2026-08-27T10:15:00+00:00,82.342,82.543,82.253,82.53800000000001,1251
2026-08-27T10:30:00+00:00,82.53800000000001,82.59400000000001,82.257,82.269,1166
2026-08-27T10:45:00+00:00,82.269,82.572,82.227,82.352,1327
2026-08-27T11:00:00+00:00,82.352,82.574,82.33200000000001,82.352,1442
2026-08-27T11:15:00+00:00,82.352,82.634,82.31200000000001,82.554,1247
2026-08-27T11:30:00+00:00,82.554,82.634,82.272,82.58800000000001,1807
2026-08-27T11:45:00+00:00,82.58800000000001,82.74300000000001,82.56700000000001,82.57900000000001,1183
2026-08-27T12:00:00+00:00,82.57900000000001,82.66900000000001,82.498,82.578,1317
2026-08-27T12:15:00+00:00,82.578,82.60300000000001,82.292,82.56400000000001,1941
2026-08-27T12:30:00+00:00,82.56400000000001,82.668,82.453,82.574,1763
2026-08-27T12:45:00+00:00,82.574,82.91900000000001,82.53200000000001,82.653,1930
2026-08-27T13:00:00+00:00,82.653,82.894,82.51400000000001,82.62700000000001,3454
2026-08-27T13:15:00+00:00,82.62700000000001,82.787,82.46300000000001,82.557,2350
2026-08-27T13:30:00+00:00,82.557,82.988,82.497,82.827,2917
2026-08-27T13:45:00+00:00,82.827,82.988,82.723,82.952,2434
2026-08-27T14:00:00+00:00,82.952,83.238,82.94200000000001,82.998,3012
2026-08-27T14:15:00+00:00,82.998,83.072,82.77300000000001,82.802,2251
2026-08-27T14:30:00+00:00,82.802,82.88300000000001,82.44200000000001,82.473,2758
2026-08-27T14:45:00+00:00,82.473,82.634,82.123,82.147,2950
2026-08-27T15:00:00+00:00,82.147,82.591,82.122,82.541,2975
2026-08-27T15:15:00+00:00,82.541,82.633,82.332,82.41799999999999,3268
2026-08-27T15:30:00+00:00,82.41799999999999,82.80799999999999,82.417,82.672,2689
2026-08-27T15:45:00+00:00,82.672,82.812,82.577,82.756,2133
2026-08-27T16:00:00+00:00,82.756,82.898,82.69099999999997,82.75199999999998,1772
2026-08-27T16:15:00+00:00,82.75199999999998,82.89199999999998,82.59599999999998,82.77799999999998,1596
2026-08-27T16:30:00+00:00,82.77799999999998,82.96099999999998,82.74699999999997,82.95299999999997,1261
2026-08-27T16:45:00+00:00,82.95299999999997,83.06299999999997,82.85099999999998,82.90799999999997,1455
2026-08-27T17:00:00+00:00,82.90799999999997,83.07799999999997,82.85799999999998,82.97299999999998,1191
2026-08-27T17:15:00+00:00,82.97299999999998,83.09199999999998,82.92299999999997,82.93199999999997,1045
2026-08-27T17:30:00+00:00,82.93199999999997,83.16299999999998,82.82699999999998,83.11099999999998,1677
2026-08-27T17:45:00+00:00,83.11099999999998,84.18799999999997,83.07099999999998,84.13799999999998,4727
2026-08-27T18:00:00+00:00,84.13799999999998,84.40799999999997,84.01599999999998,84.04299999999998,3956
2026-08-27T18:15:00+00:00,84.04299999999998,84.05299999999998,83.59199999999998,83.77299999999998,4549
2026-08-27T18:30:00+00:00,83.77299999999998,83.97299999999998,83.70699999999998,83.92099999999998,1498
2026-08-27T18:45:00+00:00,83.92099999999998,83.96199999999997,83.85099999999998,83.92099999999998,712
2026-08-27T19:00:00+00:00,83.92099999999998,84.10799999999998,83.81099999999998,84.05299999999998,1245
2026-08-27T19:15:00+00:00,84.05299999999998,84.16799999999998,83.91099999999997,84.06599999999997,1222
2026-08-27T19:30:00+00:00,84.06599999999997,84.15199999999997,83.98099999999998,83.98599999999998,671
2026-08-27T19:45:00+00:00,83.98599999999998,83.98799999999997,83.77199999999998,83.79699999999998,795
2026-08-27T20:00:00+00:00,83.79699999999998,83.85099999999998,83.75099999999998,83.75099999999998,451
2026-08-27T20:15:00+00:00,83.75099999999998,83.80199999999998,83.70699999999998,83.72799999999998,362
2026-08-27T20:30:00+00:00,83.72799999999998,83.72799999999998,83.65199999999997,83.67799999999998,487
2026-08-27T20:45:00+00:00,83.67799999999998,83.73299999999998,83.62199999999997,83.71699999999998,627
2026-08-27T22:00:00+00:00,83.543,83.734,83.463,83.603,307
2026-08-27T22:15:00+00:00,83.603,83.649,83.519,83.612,261
2026-08-27T22:30:00+00:00,83.612,83.629,83.603,83.609,59
2026-08-27T22:45:00+00:00,83.609,83.614,83.572,83.577,79
2026-08-27T23:00:00+00:00,83.577,83.579,83.557,83.574,60
2026-08-27T23:15:00+00:00,83.574,83.619,83.564,83.604,69
2026-08-27T23:30:00+00:00,83.604,83.614,83.509,83.529,96
2026-08-27T23:45:00+00:00,83.529,83.547,83.472,83.477,94
2026-08-28T00:00:00+00:00,83.477,83.514,83.377,83.402,585
2026-08-28T00:15:00+00:00,83.402,83.453,83.358,83.392,445
2026-08-28T00:30:00+00:00,83.392,83.394,83.277,83.332,478
2026-08-28T00:45:00+00:00,83.332,83.344,83.252,83.257,502
2026-08-28T01:00:00+00:00,83.257,83.464,83.247,83.407,1443
2026-08-28T01:15:00+00:00,83.407,83.507,83.198,83.213,1066
2026-08-28T01:30:00+00:00,83.213,83.217,83.012,83.098,1089
2026-08-28T01:45:00+00:00,83.098,83.158,83.022,83.053,868
2026-08-28T02:00:00+00:00,83.053,83.319,83.033,83.282,881
2026-08-28T02:15:00+00:00,83.282,83.344,83.237,83.338,297
2026-08-28T02:30:00+00:00,83.338,83.444,83.167,83.238,917
2026-08-28T02:45:00+00:00,83.238,83.419,83.077,83.078,687
2026-08-28T03:00:00+00:00,83.078,83.184,83.042,83.178,696
2026-08-28T03:15:00+00:00,83.178,83.229,83.123,83.157,582
2026-08-28T03:30:00+00:00,83.157,83.204,83.092,83.104,241
2026-08-28T03:45:00+00:00,83.104,83.132,83.067,83.087,196
2026-08-28T04:00:00+00:00,83.087,83.119,83.069,83.069,194
2026-08-28T04:15:00+00:00,83.069,83.112,83.038,83.108,221
2026-08-28T04:30:00+00:00,83.108,83.219,83.097,83.213,178
2026-08-28T04:45:00+00:00,83.213,83.268,83.198,83.259,171
2026-08-28T05:00:00+00:00,83.259,83.324,83.218,83.272,382
2026-08-28T05:15:00+00:00,83.272,83.279,83.184,83.202,212
2026-08-28T05:30:00+00:00,83.202,83.249,82.839,83.197,1166
2026-08-28T05:45:00+00:00,83.197,83.224,83.033,83.088,865
2026-08-28T06:00:00+00:00,83.088,83.217,82.932,83.033,1265
2026-08-28T06:15:00+00:00,83.033,83.047,82.837,82.949,1158
2026-08-28T06:30:00+00:00,82.949,83.037,82.794,82.814,1386
2026-08-28T06:45:00+00:00,82.814,82.922,82.728,82.858,1499
2026-08-28T07:00:00+00:00,82.858,83.303,82.732,82.988,2129
2026-08-28T07:15:00+00:00,82.988,83.148,82.809,82.809,1678
2026-08-28T07:30:00+00:00,82.809,82.958,82.662,82.819,1411
2026-08-28T07:45:00+00:00,82.819,82.988,82.802,82.963,1314
2026-08-28T08:00:00+00:00,82.963,83.027,82.867,82.937,1454
2026-08-28T08:15:00+00:00,82.937,83.219,82.822,83.093,2686
2026-08-28T08:30:00+00:00,83.093,83.178,82.522,82.918,2686
2026-08-28T08:45:00+00:00,82.918,83.293,82.907,83.289,2325
2026-08-28T09:00:00+00:00,83.289,83.479,83.179,83.314,2173
2026-08-28T09:15:00+00:00,83.314,83.349,82.868,82.983,2006
2026-08-28T09:30:00+00:00,82.983,83.339,82.948,83.037,1580
2026-08-28T09:45:00+00:00,83.037,83.194,82.929,83.033,1503
2026-08-28T10:00:00+00:00,83.033,83.208,82.857,83.057,1449
2026-08-28T10:15:00+00:00,83.057,83.318,83.042,83.312,1210
2026-08-28T10:30:00+00:00,83.312,83.573,83.189,83.573,1545
2026-08-28T10:45:00+00:00,83.573,83.594,83.212,83.247,1343
2026-08-28T11:00:00+00:00,83.247,83.307,83.094,83.104,1169
2026-08-28T11:15:00+00:00,83.104,83.233,82.984,83.032,1583
2026-08-28T11:30:00+00:00,83.032,83.144,83.017,83.124,1045
2026-08-28T11:45:00+00:00,83.124,83.167,82.848,82.894,1389
2026-08-28T12:00:00+00:00,82.894,82.994,82.768,82.787,1228
2026-08-28T12:15:00+00:00,82.787,82.888,82.653,82.727,1303
2026-08-28T12:30:00+00:00,82.727,82.828,82.598,82.707,1479
2026-08-28T12:45:00+00:00,82.707,82.769,82.433,82.454,2026
2026-08-28T13:00:00+00:00,82.454,82.647,82.244,82.607,2856
2026-08-28T13:15:00+00:00,82.607,82.644,82.357,82.379,1897
2026-08-28T13:30:00+00:00,82.379,82.754,82.363,82.682,2496
2026-08-28T13:45:00+00:00,82.682,82.784,82.378,82.494,1902
2026-08-28T14:00:00+00:00,82.494,82.863,82.312,82.848,3581
2026-08-28T14:15:00+00:00,82.848,82.934,82.753,82.823,2398
2026-08-28T14:30:00+00:00,82.823,83.113,82.807,82.972,2653
2026-08-28T14:45:00+00:00,82.972,83.079,82.662,82.854,2295
2026-08-28T15:00:00+00:00,82.854,83.188,82.798,83.132,2909
2026-08-28T15:15:00+00:00,83.132,83.259,83.052,83.082,2903
2026-08-28T15:30:00+00:00,83.082,83.264,83.063,83.194,2295
2026-08-28T15:45:00+00:00,83.194,83.213,82.988,83.024,1696
2026-08-28T16:00:00+00:00,83.024,83.212,82.884,83.127,1631
2026-08-28T16:15:00+00:00,83.127,83.269,83.077,83.094,1490
2026-08-28T16:30:00+00:00,83.094,83.469,83.017,83.434,1662
2026-08-28T16:45:00+00:00,83.434,83.534,83.367,83.502,1300
2026-08-28T17:00:00+00:00,83.502,83.682,83.393,83.393,1482
2026-08-28T17:15:00+00:00,83.393,83.419,83.288,83.348,1068
2026-08-28T17:30:00+00:00,83.348,83.458,83.253,83.418,1104
2026-08-28T17:45:00+00:00,83.418,83.549,83.369,83.447,1088
2026-08-28T18:00:00+00:00,83.447,83.448,83.178,83.303,1415
2026-08-28T18:15:00+00:00,83.303,83.532,83.224,83.354,3208
2026-08-28T18:30:00+00:00,83.354,83.369,83.117,83.214,1337
2026-08-28T18:45:00+00:00,83.214,83.214,83.073,83.169,475
2026-08-28T19:00:00+00:00,83.169,83.318,83.147,83.289,714
2026-08-28T19:15:00+00:00,83.289,83.294,83.207,83.284,325
2026-08-28T19:30:00+00:00,83.284,83.498,83.267,83.438,561
2026-08-28T19:45:00+00:00,83.438,83.449,83.334,83.372,503
2026-08-28T20:00:00+00:00,83.372,83.439,83.314,83.427,430
2026-08-28T20:15:00+00:00,83.427,83.459,83.398,83.423,312
2026-08-28T20:30:00+00:00,83.423,83.443,83.368,83.379,287
2026-08-30T22:00:00+00:00,83.379,85.669,83.379,84.989,1884
2026-08-30T22:15:00+00:00,84.989,85.129,84.848,84.914,694
2026-08-30T22:30:00+00:00,84.914,85.044,84.757,84.832,571
2026-08-30T22:45:00+00:00,84.832,84.919,84.767,84.854,477
2026-08-30T23:00:00+00:00,84.854,84.883,84.753,84.798,332
2026-08-30T23:15:00+00:00,84.798,84.839,84.754,84.822,170
2026-08-30T23:30:00+00:00,84.822,84.833,84.688,84.688,321
2026-08-30T23:45:00+00:00,84.688,84.723,84.457,84.718,826
2026-08-31T00:00:00+00:00,84.718,84.759,84.507,84.548,815
2026-08-31T00:15:00+00:00,84.548,84.548,84.307,84.362,721
2026-08-31T00:30:00+00:00,84.362,84.392,84.103,84.334,863
2026-08-31T00:45:00+00:00,84.334,84.404,84.268,84.333,519
2026-08-31T01:00:00+00:00,84.333,85.258,84.318,85.044,4078
2026-08-31T01:15:00+00:00,85.044,85.134,84.818,84.874,2292
2026-08-31T01:30:00+00:00,84.874,85.393,84.834,85.263,2443
2026-08-31T01:45:00+00:00,85.263,85.458,85.139,85.178,2000
2026-08-31T02:00:00+00:00,85.178,85.568,85.178,85.413,1818
2026-08-31T02:15:00+00:00,85.413,85.413,85.212,85.339,1234
2026-08-31T02:30:00+00:00,85.339,85.613,85.303,85.513,1663
2026-08-31T02:45:00+00:00,85.513,85.529,85.003,85.007,1793
2026-08-31T03:00:00+00:00,85.007,85.149,84.858,85.067,1557
2026-08-31T03:15:00+00:00,85.067,85.079,84.912,84.978,956
2026-08-31T03:30:00+00:00,84.978,85.099,84.884,85.048,668
2026-08-31T03:45:00+00:00,85.048,85.094,84.997,85.094,289
2026-08-31T04:00:00+00:00,85.094,85.113,85.004,85.083,500
2026-08-31T04:15:00+00:00,85.083,85.354,85.017,85.332,681
2026-08-31T04:30:00+00:00,85.332,85.369,85.148,85.163,642
2026-08-31T04:45:00+00:00,85.163,85.344,85.128,85.327,522
2026-08-31T05:00:00+00:00,85.327,85.594,85.278,85.477,712
2026-08-31T05:15:00+00:00,85.477,85.804,85.439,85.772,845
2026-08-31T05:30:00+00:00,85.772,85.999,85.702,85.724,2096
2026-08-31T05:45:00+00:00,85.724,85.734,85.507,85.638,1329
2026-08-31T06:00:00+00:00,85.638,85.804,85.599,85.674,1433
2026-08-31T06:15:00+00:00,85.674,85.709,85.474,85.518,1289
2026-08-31T06:30:00+00:00,85.518,85.684,85.478,85.537,1293
2026-08-31T06:45:00+00:00,85.537,85.587,85.327,85.339,1658
2026-08-31T07:00:00+00:00,85.339,85.404,84.737,84.792,2083
2026-08-31T07:15:00+00:00,84.792,84.828,84.452,84.754,2059
2026-08-31T07:30:00+00:00,84.754,84.939,84.687,84.807,1644
2026-08-31T07:45:00+00:00,84.807,85.434,84.792,85.417,1849
2026-08-31T08:00:00+00:00,85.417,85.548,85.219,85.493,1770
2026-08-31T08:15:00+00:00,85.493,85.728,85.379,85.679,2735
2026-08-31T08:30:00+00:00,85.679,86.497,85.602,86.379,2904
2026-08-31T08:45:00+00:00,86.379,86.444,86.074,86.392,2037
2026-08-31T09:00:00+00:00,86.392,86.467,86.187,86.314,1709
2026-08-31T09:15:00+00:00,86.314,86.553,86.037,86.178,1740
2026-08-31T09:30:00+00:00,86.178,86.282,86.049,86.218,1180
2026-08-31T09:45:00+00:00,86.218,86.628,86.189,86.473,1681
2026-08-31T10:00:00+00:00,86.473,86.678,86.417,86.523,1590
2026-08-31T10:15:00+00:00,86.523,86.764,86.203,86.244,1394
2026-08-31T10:30:00+00:00,86.244,86.434,86.112,86.328,1617
2026-08-31T10:45:00+00:00,86.328,86.458,86.113,86.192,1384
2026-08-31T11:00:00+00:00,86.192,86.373,86.157,86.319,1275
2026-08-31T11:15:00+00:00,86.319,86.534,86.259,86.472,1130
2026-08-31T11:30:00+00:00,86.472,86.677,86.417,86.542,1524
2026-08-31T11:45:00+00:00,86.542,86.644,86.307,86.359,1464
2026-08-31T12:00:00+00:00,86.359,86.483,86.052,86.077,2522
2026-08-31T12:15:00+00:00,86.077,86.617,86.022,86.552,2821
2026-08-31T12:30:00+00:00,86.552,86.702,85.918,85.928,2581
2026-08-31T12:45:00+00:00,85.928,86.368,85.909,86.048,1997
2026-08-31T13:00:00+00:00,86.048,86.219,85.478,85.483,3283
2026-08-31T13:15:00+00:00,85.483,85.728,85.377,85.492,2826
2026-08-31T13:30:00+00:00,85.492,86.363,85.448,86.194,2486
2026-08-31T13:45:00+00:00,86.194,86.279,85.952,85.972,1841
2026-08-31T14:00:00+00:00,85.972,86.033,85.432,85.558,2246
2026-08-31T14:15:00+00:00,85.558,85.778,85.477,85.677,2216
2026-08-31T14:30:00+00:00,85.677,85.703,85.247,85.367,2607
2026-08-31T14:45:00+00:00,85.367,85.522,85.167,85.263,2410
2026-08-31T15:00:00+00:00,85.263,85.383,85.102,85.207,2381
2026-08-31T15:15:00+00:00,85.207,85.479,85.168,85.438,2151
2026-08-31T15:30:00+00:00,85.438,85.598,85.212,85.438,2239
2026-08-31T15:45:00+00:00,85.438,85.634,85.309,85.528,1903
2026-08-31T16:00:00+00:00,85.528,85.608,85.354,85.443,1869
2026-08-31T16:15:00+00:00,85.443,85.642,85.407,85.637,1108
2026-08-31T16:30:00+00:00,85.637,85.649,85.294,85.349,1749
2026-08-31T16:45:00+00:00,85.349,85.588,85.263,85.579,1381
2026-08-31T17:00:00+00:00,85.579,85.879,85.573,85.693,1610
2026-08-31T17:15:00+00:00,85.693,85.749,85.602,85.692,1196
2026-08-31T17:30:00+00:00,85.692,85.754,85.522,85.557,1400
2026-08-31T17:45:00+00:00,85.557,85.649,85.477,85.487,1209
2026-08-31T18:00:00+00:00,85.487,85.697,85.434,85.627,1698
2026-08-31T18:15:00+00:00,85.627,85.904,85.568,85.807,2270
2026-08-31T18:30:00+00:00,85.807,85.978,85.807,85.838,1055
2026-08-31T18:45:00+00:00,85.838,85.882,85.547,85.577,939
2026-08-31T19:00:00+00:00,85.577,85.812,85.523,85.709,1538
2026-08-31T19:15:00+00:00,85.709,85.767,85.659,85.742,519
2026-08-31T19:30:00+00:00,85.742,85.998,85.742,85.948,687
2026-08-31T19:45:00+00:00,85.948,85.999,85.782,85.962,1383
2026-08-31T20:00:00+00:00,85.962,85.999,85.889,85.983,448
2026-08-31T20:15:00+00:00,85.983,86.324,85.963,86.283,523
2026-08-31T20:30:00+00:00,86.283,86.359,86.267,86.303,593
2026-08-31T20:45:00+00:00,86.303,86.363,86.263,86.284,490
2026-08-31T22:00:00+00:00,86.284,86.409,86.132,86.238,325
2026-08-31T22:15:00+00:00,86.238,86.269,86.212,86.239,85
2026-08-31T22:30:00+00:00,86.239,86.269,86.202,86.207,63
2026-08-31T22:45:00+00:00,86.207,86.407,86.192,86.392,115
2026-08-31T23:00:00+00:00,86.392,86.469,86.337,86.354,177
2026-08-31T23:15:00+00:00,86.354,86.387,86.289,86.322,147
2026-08-31T23:30:00+00:00,86.322,86.418,86.322,86.349,80
2026-08-31T23:45:00+00:00,86.349,86.438,86.349,86.399,133
2026-09-01T00:00:00+00:00,86.399,86.684,86.399,86.514,1365
2026-09-01T00:15:00+00:00,86.514,86.629,86.507,86.602,576
2026-09-01T00:30:00+00:00,86.602,86.688,86.554,86.573,476
2026-09-01T00:45:00+00:00,86.573,86.694,86.527,86.533,768
2026-09-01T01:00:00+00:00,86.533,86.704,86.389,86.457,2540
2026-09-01T01:15:00+00:00,86.457,86.639,86.439,86.538,1706
2026-09-01T01:30:00+00:00,86.538,86.714,86.498,86.532,1435
2026-09-01T01:45:00+00:00,86.532,86.537,86.292,86.328,1231
2026-09-01T02:00:00+00:00,86.328,86.434,86.282,86.384,1189
2026-09-01T02:15:00+00:00,86.384,86.549,86.357,86.447,543
2026-09-01T02:30:00+00:00,86.447,86.749,86.447,86.702,1677
2026-09-01T02:45:00+00:00,86.702,86.799,86.579,86.623,1183
2026-09-01T03:00:00+00:00,86.623,86.799,86.612,86.749,1133
2026-09-01T03:15:00+00:00,86.749,86.749,86.592,86.657,1091
2026-09-01T03:30:00+00:00,86.657,86.699,86.597,86.677,721
2026-09-01T03:45:00+00:00,86.677,86.739,86.618,86.734,503
2026-09-01T04:00:00+00:00,86.734,86.753,86.618,86.687,429
2026-09-01T04:15:00+00:00,86.687,86.769,86.658,86.723,295
2026-09-01T04:30:00+00:00,86.723,87.064,86.722,86.982,621
2026-09-01T04:45:00+00:00,86.982,87.039,86.898,86.984,638
2026-09-01T05:00:00+00:00,86.984,87.033,86.887,86.907,516
2026-09-01T05:15:00+00:00,86.907,86.958,86.847,86.909,664
2026-09-01T05:30:00+00:00,86.909,87.059,86.297,86.404,2528
2026-09-01T05:45:00+00:00,86.404,86.449,86.208,86.418,1934
2026-09-01T06:00:00+00:00,86.418,86.759,86.377,86.738,1680
2026-09-01T06:15:00+00:00,86.738,86.744,86.507,86.572,1408
2026-09-01T06:30:00+00:00,86.572,86.573,86.277,86.434,1410
2026-09-01T06:45:00+00:00,86.434,86.568,86.357,86.514,1345
2026-09-01T07:00:00+00:00,86.514,87.017,86.337,86.654,2795
2026-09-01T07:15:00+00:00,86.654,87.149,86.654,87.002,2455
2026-09-01T07:30:00+00:00,87.002,87.099,86.922,87.084,1940
2026-09-01T07:45:00+00:00,87.084,87.224,86.933,86.933,2093
2026-09-01T08:00:00+00:00,86.933,87.559,86.879,87.237,4218
2026-09-01T08:15:00+00:00,87.237,87.557,87.163,87.549,3712
2026-09-01T08:30:00+00:00,87.549,87.959,87.333,87.908,3244
2026-09-01T08:45:00+00:00,87.908,88.078,87.748,88.009,2320
2026-09-01T09:00:00+00:00,88.009,88.014,87.664,87.793,2379
2026-09-01T09:15:00+00:00,87.793,88.043,87.688,88.012,1641
2026-09-01T09:30:00+00:00,88.012,88.093,87.822,87.877,1629
2026-09-01T09:45:00+00:00,87.877,88.078,87.827,87.957,1869
2026-09-01T10:00:00+00:00,87.957,88.083,87.778,87.899,1766
2026-09-01T10:15:00+00:00,87.899,87.934,87.669,87.717,1683
2026-09-01T10:30:00+00:00,87.717,87.808,87.558,87.773,1382
2026-09-01T10:45:00+00:00,87.773,87.924,87.628,87.788,1985
2026-09-01T11:00:00+00:00,87.788,87.978,87.739,87.827,1465
2026-09-01T11:15:00+00:00,87.827,87.839,87.587,87.628,1539
2026-09-01T11:30:00+00:00,87.628,87.673,87.432,87.539,1385
2026-09-01T11:45:00+00:00,87.539,87.859,87.523,87.828,1563
2026-09-01T12:00:00+00:00,87.828,88.003,87.328,87.328,2473
2026-09-01T12:15:00+00:00,87.328,87.903,87.283,87.818,2577
2026-09-01T12:30:00+00:00,87.818,88.197,87.817,88.089,1922
2026-09-01T12:45:00+00:00,88.089,88.104,87.872,87.949,2065
2026-09-01T13:00:00+00:00,87.949,88.359,87.947,88.138,4136
2026-09-01T13:15:00+00:00,88.138,88.369,88.052,88.203,2762
2026-09-01T13:30:00+00:00,88.203,88.393,88.007,88.358,2282
2026-09-01T13:45:00+00:00,88.358,88.518,88.287,88.352,2087
2026-09-01T14:00:00+00:00,88.352,88.369,87.594,87.629,2917
2026-09-01T14:15:00+00:00,87.629,87.734,87.492,87.578,3036
2026-09-01T14:30:00+00:00,87.578,87.933,87.492,87.777,2851
2026-09-01T14:45:00+00:00,87.777,87.934,87.548,87.927,2893
2026-09-01T15:00:00+00:00,87.927,88.078,87.742,87.864,2693
2026-09-01T15:15:00+00:00,87.864,88.199,87.723,87.948,3126
2026-09-01T15:30:00+00:00,87.948,88.239,87.942,88.198,2341
2026-09-01T15:45:00+00:00,88.198,88.362,88.163,88.318,1808
2026-09-01T16:00:00+00:00,88.318,88.948,88.267,88.919,3578
2026-09-01T16:15:00+00:00,88.919,89.874,88.743,89.703,5180
2026-09-01T16:30:00+00:00,89.703,89.918,89.382,89.459,3566
2026-09-01T16:45:00+00:00,89.459,89.594,89.189,89.517,2830
2026-09-01T17:00:00+00:00,89.517,89.727,89.327,89.509,2765
2026-09-01T17:15:00+00:00,89.509,89.894,89.472,89.568,2542
2026-09-01T17:30:00+00:00,89.568,90.103,89.568,89.974,2897
2026-09-01T17:45:00+00:00,89.974,90.059,89.833,89.868,2026
2026-09-01T18:00:00+00:00,89.868,90.042,89.637,89.904,2508
2026-09-01T18:15:00+00:00,89.904,90.259,89.848,90.259,3839
2026-09-01T18:30:00+00:00,90.259,90.529,90.238,90.408,2844
2026-09-01T18:45:00+00:00,90.408,90.538,90.297,90.489,1854
2026-09-01T19:00:00+00:00,90.489,90.583,90.333,90.358,1544
2026-09-01T19:15:00+00:00,90.358,90.579,90.299,90.548,1252
2026-09-01T19:30:00+00:00,90.548,90.619,90.407,90.532,1173
2026-09-01T19:45:00+00:00,90.532,90.659,90.469,90.629,1313
2026-09-01T20:00:00+00:00,90.629,90.934,90.597,90.912,2191
2026-09-01T20:15:00+00:00,90.912,90.919,90.623,90.728,1199
2026-09-01T20:30:00+00:00,90.728,90.849,90.427,90.504,1932
2026-09-01T20:45:00+00:00,90.504,90.687,90.504,90.672,1600
2026-09-01T22:00:00+00:00,90.672,90.989,90.653,90.897,420
2026-09-01T22:15:00+00:00,90.897,90.954,90.812,90.943,202
2026-09-01T22:30:00+00:00,90.943,90.943,90.774,90.793,193
2026-09-01T22:45:00+00:00,90.793,90.838,90.714,90.817,156
2026-09-01T23:00:00+00:00,90.817,90.844,90.762,90.819,183
2026-09-01T23:15:00+00:00,90.819,90.839,90.764,90.777,56
2026-09-01T23:30:00+00:00,90.777,90.799,90.648,90.749,189
2026-09-01T23:45:00+00:00,90.749,90.787,90.713,90.759,182
2026-09-02T00:00:00+00:00,90.759,91.218,90.667,91.002,1693
2026-09-02T00:15:00+00:00,91.002,91.304,90.799,91.128,1651
2026-09-02T00:30:00+00:00,91.128,91.719,91.109,91.617,2353
2026-09-02T00:45:00+00:00,91.617,92.044,91.509,92.039,2724
2026-09-02T01:00:00+00:00,92.039,92.274,91.669,91.739,5330
2026-09-02T01:15:00+00:00,91.739,91.794,91.379,91.678,3493
2026-09-02T01:30:00+00:00,91.678,91.969,91.587,91.908,2716
2026-09-02T01:45:00+00:00,91.908,91.978,91.242,91.298,2631
2026-09-02T02:00:00+00:00,91.298,91.298,91.258,91.287,72
